Task ID,Supplier ID,Cost
30/05/2019,S57,0.290967292
30/05/2019,S40,0.293925416
30/05/2019,S24,0.2963877
30/05/2019,S56,0.302213243
30/05/2019,S32,0.30239373
30/05/2019,S7,0.303812759
30/05/2019,S4,0.307330783
30/05/2019,S15,0.307691824
30/05/2019,S47,0.309031462
30/05/2019,S13,0.309402542
30/05/2019,S12,0.313509448
30/05/2019,S34,0.313587125
30/05/2019,S29,0.313858096
30/05/2019,S41,0.314410173
30/05/2019,S54,0.315261793
30/05/2019,S19,0.316254226
30/05/2019,S27,0.317432209
30/05/2019,S14,0.320663187
30/05/2019,S46,0.320763314
30/05/2019,S49,0.323564526
26/09/2019,S19,0.283751545
26/09/2019,S30,0.28504317
26/09/2019,S14,0.28917233
26/09/2019,S57,0.292822944
26/09/2019,S49,0.293406062
26/09/2019,S62,0.293596418
26/09/2019,S43,0.294285788
26/09/2019,S4,0.297319669
26/09/2019,S59,0.29847631
26/09/2019,S8,0.299798408
26/09/2019,S32,0.299922861
26/09/2019,S38,0.301205131
26/09/2019,S6,0.304175263
26/09/2019,S40,0.30630658
26/09/2019,S37,0.306547939
26/09/2019,S44,0.306874993
26/09/2019,S18,0.307165426
26/09/2019,S35,0.307173978
26/09/2019,S61,0.307214421
26/09/2019,S9,0.307370479
29/11/2019,S46,0.28457495
29/11/2019,S40,0.298487824
29/11/2019,S39,0.301013685
29/11/2019,S51,0.301494177
29/11/2019,S60,0.302832256
29/11/2019,S12,0.302904668
29/11/2019,S47,0.304856613
29/11/2019,S13,0.305388131
29/11/2019,S6,0.305571215
29/11/2019,S56,0.308773637
29/11/2019,S11,0.309193588
29/11/2019,S37,0.312683605
29/11/2019,S15,0.313399313
29/11/2019,S54,0.314623731
29/11/2019,S24,0.314701058
29/11/2019,S53,0.315717063
29/11/2019,S19,0.323826983
29/11/2019,S30,0.326435011
29/11/2019,S22,0.326542586
29/11/2019,S42,0.32656836
03/01/2020,S18,0.355652466
03/01/2020,S56,0.35634929
03/01/2020,S47,0.357635233
03/01/2020,S27,0.367182293
03/01/2020,S34,0.367398023
03/01/2020,S51,0.369637896
03/01/2020,S15,0.371570933
03/01/2020,S10,0.372398882
03/01/2020,S46,0.372400011
03/01/2020,S60,0.37469402
03/01/2020,S29,0.375172972
03/01/2020,S53,0.376690968
03/01/2020,S11,0.378138028
03/01/2020,S33,0.378691425
03/01/2020,S57,0.380470454
03/01/2020,S4,0.384385842
03/01/2020,S6,0.386641848
03/01/2020,S7,0.392691423
03/01/2020,S50,0.393722089
03/01/2020,S63,0.39609111
09/01/2020,S18,0.396378691
09/01/2020,S34,0.402837261
09/01/2020,S27,0.407254306
09/01/2020,S33,0.407844819
09/01/2020,S39,0.408325406
09/01/2020,S47,0.408364101
09/01/2020,S15,0.408429526
09/01/2020,S45,0.409691282
09/01/2020,S50,0.411581103
09/01/2020,S32,0.412165341
09/01/2020,S36,0.412508895
09/01/2020,S19,0.413278736
09/01/2020,S6,0.413596483
09/01/2020,S40,0.414740805
09/01/2020,S22,0.415243027
09/01/2020,S54,0.415383441
09/01/2020,S4,0.415919517
09/01/2020,S57,0.415996843
09/01/2020,S46,0.416318551
09/01/2020,S63,0.416785067
14/01/2020,S36,0.316109947
14/01/2020,S56,0.317130595
14/01/2020,S47,0.322431315
14/01/2020,S15,0.326675352
14/01/2020,S49,0.32671655
14/01/2020,S51,0.328062217
14/01/2020,S22,0.336748916
14/01/2020,S52,0.337450378
14/01/2020,S54,0.338852802
14/01/2020,S10,0.33904014
14/01/2020,S27,0.341685387
14/01/2020,S57,0.34178927
14/01/2020,S11,0.343666995
14/01/2020,S13,0.344441067
14/01/2020,S18,0.347230791
14/01/2020,S46,0.347264516
14/01/2020,S40,0.34733492
14/01/2020,S34,0.348753119
14/01/2020,S20,0.349716761
14/01/2020,S64,0.352048192
15/01/2020,S56,0.321379683
15/01/2020,S57,0.324647376
15/01/2020,S60,0.33079874
15/01/2020,S46,0.332866163
15/01/2020,S51,0.343923613
15/01/2020,S29,0.345688577
15/01/2020,S13,0.346353974
15/01/2020,S33,0.347798762
15/01/2020,S11,0.351528835
15/01/2020,S18,0.352148686
15/01/2020,S52,0.355864317
15/01/2020,S10,0.3559889
15/01/2020,S6,0.357791953
15/01/2020,S22,0.357819661
15/01/2020,S37,0.360334285
15/01/2020,S39,0.360473897
15/01/2020,S54,0.362119159
15/01/2020,S34,0.363447501
15/01/2020,S19,0.367027674
15/01/2020,S49,0.367404147
16/01/2020,S49,0.309074088
16/01/2020,S56,0.310649702
16/01/2020,S4,0.310797185
16/01/2020,S54,0.312501143
16/01/2020,S36,0.314067958
16/01/2020,S51,0.315293242
16/01/2020,S52,0.316720938
16/01/2020,S50,0.317910711
16/01/2020,S57,0.322460024
16/01/2020,S6,0.327735963
16/01/2020,S11,0.328873691
16/01/2020,S39,0.329161002
16/01/2020,S10,0.329413919
16/01/2020,S63,0.335299175
16/01/2020,S16,0.337264126
16/01/2020,S34,0.337366993
16/01/2020,S13,0.338321247
16/01/2020,S5,0.340347033
16/01/2020,S27,0.341956882
16/01/2020,S64,0.34351335
17/01/2020,S60,0.309255257
17/01/2020,S56,0.316261112
17/01/2020,S10,0.319564732
17/01/2020,S15,0.324080612
17/01/2020,S51,0.324481275
17/01/2020,S40,0.330600796
17/01/2020,S30,0.331040667
17/01/2020,S13,0.332425885
17/01/2020,S39,0.333878157
17/01/2020,S14,0.334321083
17/01/2020,S47,0.337581037
17/01/2020,S18,0.340766233
17/01/2020,S54,0.344242612
17/01/2020,S5,0.34573883
17/01/2020,S46,0.346064752
17/01/2020,S24,0.347310183
17/01/2020,S6,0.348515576
17/01/2020,S57,0.349883727
17/01/2020,S4,0.352676312
17/01/2020,S34,0.355092143
22/01/2020,S56,0.280210128
22/01/2020,S15,0.297256465
22/01/2020,S27,0.3004136
22/01/2020,S57,0.302867585
22/01/2020,S4,0.305729693
22/01/2020,S36,0.306196362
22/01/2020,S40,0.306849317
22/01/2020,S60,0.307301876
22/01/2020,S51,0.308667485
22/01/2020,S18,0.313428996
22/01/2020,S39,0.313449539
22/01/2020,S52,0.316238735
22/01/2020,S32,0.317754893
22/01/2020,S22,0.319493664
22/01/2020,S53,0.32140976
22/01/2020,S34,0.322531406
22/01/2020,S33,0.324941082
22/01/2020,S11,0.326598545
22/01/2020,S50,0.326779222
22/01/2020,S6,0.328830793
24/01/2020,S56,0.305759917
24/01/2020,S51,0.306382727
24/01/2020,S13,0.323023163
24/01/2020,S52,0.323582014
24/01/2020,S47,0.327640658
24/01/2020,S10,0.330106043
24/01/2020,S22,0.33123119
24/01/2020,S40,0.335109886
24/01/2020,S39,0.335505235
24/01/2020,S57,0.335896935
24/01/2020,S60,0.336273497
24/01/2020,S18,0.337262592
24/01/2020,S49,0.33750685
24/01/2020,S6,0.338499803
24/01/2020,S11,0.342342476
24/01/2020,S46,0.34370711
24/01/2020,S15,0.344881413
24/01/2020,S34,0.346238118
24/01/2020,S4,0.34814184
24/01/2020,S27,0.352096706
18/02/2020,S10,0.31959324
18/02/2020,S56,0.32494441
18/02/2020,S15,0.325375664
18/02/2020,S47,0.325600081
18/02/2020,S57,0.333123751
18/02/2020,S33,0.335530604
18/02/2020,S60,0.34129518
18/02/2020,S40,0.341534419
18/02/2020,S39,0.345370622
18/02/2020,S53,0.346979482
18/02/2020,S51,0.349836954
18/02/2020,S6,0.349884034
18/02/2020,S46,0.349991772
18/02/2020,S4,0.351781785
18/02/2020,S50,0.352180289
18/02/2020,S54,0.352735357
18/02/2020,S22,0.353782211
18/02/2020,S34,0.354385194
18/02/2020,S18,0.355613777
18/02/2020,S27,0.355894244
20/02/2020,S15,0.305737899
20/02/2020,S10,0.307111917
20/02/2020,S51,0.307982952
20/02/2020,S18,0.310237642
20/02/2020,S39,0.312218155
20/02/2020,S13,0.313179034
20/02/2020,S60,0.314158475
20/02/2020,S27,0.316053199
20/02/2020,S57,0.317624491
20/02/2020,S56,0.31863481
20/02/2020,S24,0.320079802
20/02/2020,S14,0.323934953
20/02/2020,S4,0.327524861
20/02/2020,S30,0.328417662
20/02/2020,S34,0.329271929
20/02/2020,S50,0.331073564
20/02/2020,S54,0.33121953
20/02/2020,S6,0.331483423
20/02/2020,S22,0.331707678
20/02/2020,S7,0.333321366
27/02/2020,S15,0.309452549
27/02/2020,S51,0.318252186
27/02/2020,S18,0.31980223
27/02/2020,S56,0.323322758
27/02/2020,S60,0.33094253
27/02/2020,S53,0.33128693
27/02/2020,S40,0.331503386
27/02/2020,S47,0.331879914
27/02/2020,S49,0.335174338
27/02/2020,S50,0.335662277
27/02/2020,S27,0.336823943
27/02/2020,S57,0.337417801
27/02/2020,S34,0.338042603
27/02/2020,S4,0.339313977
27/02/2020,S10,0.341230829
27/02/2020,S33,0.341666651
27/02/2020,S13,0.342479959
27/02/2020,S64,0.344129284
27/02/2020,S7,0.344430164
27/02/2020,S12,0.345525411
01/03/2020,S56,0.310394598
01/03/2020,S40,0.313468617
01/03/2020,S57,0.319264079
01/03/2020,S39,0.322107354
01/03/2020,S51,0.324424924
01/03/2020,S54,0.327156153
01/03/2020,S6,0.331405893
01/03/2020,S60,0.333921204
01/03/2020,S63,0.335122338
01/03/2020,S11,0.335874037
01/03/2020,S50,0.337885748
01/03/2020,S27,0.338183496
01/03/2020,S53,0.338345856
01/03/2020,S13,0.339160045
01/03/2020,S46,0.339452425
01/03/2020,S34,0.339967726
01/03/2020,S52,0.34106909
01/03/2020,S49,0.342381659
01/03/2020,S15,0.342708437
01/03/2020,S47,0.345141633
03/03/2020,S15,0.350737691
03/03/2020,S56,0.355369572
03/03/2020,S27,0.356350411
03/03/2020,S60,0.357180747
03/03/2020,S18,0.369684556
03/03/2020,S11,0.374706873
03/03/2020,S47,0.378095349
03/03/2020,S34,0.37910094
03/03/2020,S7,0.379856063
03/03/2020,S57,0.381565234
03/03/2020,S4,0.383366876
03/03/2020,S53,0.383571024
03/03/2020,S10,0.383651048
03/03/2020,S51,0.385269051
03/03/2020,S23,0.390996024
03/03/2020,S54,0.391783828
03/03/2020,S22,0.396203736
03/03/2020,S19,0.396387796
03/03/2020,S24,0.398182555
03/03/2020,S29,0.400150754
28/03/2020,S33,0.461730688
28/03/2020,S34,0.466968727
28/03/2020,S14,0.471471033
28/03/2020,S4,0.472728291
28/03/2020,S30,0.472776948
28/03/2020,S8,0.477213114
28/03/2020,S6,0.480585417
28/03/2020,S47,0.480988179
28/03/2020,S50,0.481329679
28/03/2020,S19,0.482592968
28/03/2020,S56,0.484101673
28/03/2020,S46,0.485156832
28/03/2020,S37,0.486392642
28/03/2020,S60,0.488200423
28/03/2020,S10,0.488632554
28/03/2020,S9,0.491341479
28/03/2020,S11,0.491913484
28/03/2020,S57,0.492482183
28/03/2020,S44,0.492536096
28/03/2020,S61,0.4941181
22/07/2020,S57,0.398989336
22/07/2020,S15,0.400255514
22/07/2020,S37,0.403071924
22/07/2020,S24,0.412876206
22/07/2020,S28,0.413410012
22/07/2020,S19,0.41460352
22/07/2020,S29,0.41562743
22/07/2020,S14,0.416085114
22/07/2020,S52,0.417831294
22/07/2020,S30,0.419997858
22/07/2020,S33,0.420160186
22/07/2020,S10,0.422837672
22/07/2020,S47,0.423285436
22/07/2020,S62,0.424322276
22/07/2020,S56,0.424443159
22/07/2020,S39,0.428888327
22/07/2020,S51,0.42889346
22/07/2020,S4,0.429385924
22/07/2020,S31,0.430354161
22/07/2020,S48,0.431724851
01/09/2020,S56,0.31702563
01/09/2020,S46,0.319840805
01/09/2020,S47,0.328063923
01/09/2020,S51,0.328930457
01/09/2020,S15,0.329487012
01/09/2020,S6,0.329679931
01/09/2020,S12,0.33660437
01/09/2020,S60,0.337205255
01/09/2020,S57,0.341804648
01/09/2020,S40,0.342622181
01/09/2020,S36,0.345018062
01/09/2020,S8,0.345362119
01/09/2020,S22,0.345413664
01/09/2020,S13,0.345789619
01/09/2020,S52,0.345809217
01/09/2020,S10,0.345839857
01/09/2020,S64,0.346214753
01/09/2020,S39,0.348225279
01/09/2020,S11,0.348758707
01/09/2020,S25,0.348956396
23/10/2020,S33,0.40364926
23/10/2020,S37,0.412657343
23/10/2020,S34,0.412835892
23/10/2020,S19,0.41512679
23/10/2020,S50,0.418209224
23/10/2020,S13,0.418445501
23/10/2020,S56,0.418920498
23/10/2020,S22,0.420730039
23/10/2020,S54,0.421058799
23/10/2020,S30,0.422727628
23/10/2020,S40,0.424106801
23/10/2020,S15,0.424338342
23/10/2020,S57,0.425767765
23/10/2020,S11,0.425861581
23/10/2020,S4,0.425957084
23/10/2020,S7,0.426091758
23/10/2020,S39,0.428281889
23/10/2020,S51,0.42881042
23/10/2020,S27,0.430201072
23/10/2020,S6,0.430380055
28/10/2020,S39,0.404231902
28/10/2020,S14,0.406425327
28/10/2020,S29,0.415378369
28/10/2020,S34,0.416275761
28/10/2020,S33,0.419354344
28/10/2020,S51,0.420930097
28/10/2020,S47,0.421617642
28/10/2020,S22,0.423456881
28/10/2020,S19,0.423628793
28/10/2020,S50,0.424092436
28/10/2020,S54,0.424785828
28/10/2020,S24,0.425670238
28/10/2020,S4,0.426599068
28/10/2020,S27,0.428971576
28/10/2020,S15,0.429571166
28/10/2020,S46,0.430578822
28/10/2020,S10,0.435829059
28/10/2020,S13,0.436813048
28/10/2020,S37,0.437400185
28/10/2020,S62,0.437411449
30/10/2020,S57,0.388173189
30/10/2020,S51,0.402478462
30/10/2020,S34,0.402676468
30/10/2020,S27,0.410862903
30/10/2020,S56,0.411497918
30/10/2020,S47,0.412012223
30/10/2020,S9,0.414109205
30/10/2020,S50,0.415702034
30/10/2020,S22,0.416354697
30/10/2020,S29,0.41721273
30/10/2020,S53,0.418043345
30/10/2020,S54,0.41939975
30/10/2020,S48,0.422458765
30/10/2020,S5,0.422609094
30/10/2020,S55,0.424477006
30/10/2020,S39,0.424665348
30/10/2020,S13,0.428466691
30/10/2020,S15,0.428959193
30/10/2020,S49,0.429240069
30/10/2020,S33,0.429434318
15/03/2021,S15,0.307786975
15/03/2021,S10,0.310217542
15/03/2021,S33,0.312139708
15/03/2021,S46,0.314050886
15/03/2021,S56,0.31475422
15/03/2021,S36,0.316734544
15/03/2021,S9,0.316736311
15/03/2021,S19,0.319398492
15/03/2021,S48,0.321485864
15/03/2021,S29,0.323433067
15/03/2021,S41,0.324028511
15/03/2021,S51,0.324434165
15/03/2021,S34,0.32529451
15/03/2021,S24,0.325311413
15/03/2021,S22,0.325391175
15/03/2021,S12,0.326037049
15/03/2021,S25,0.326587967
15/03/2021,S7,0.327548351
15/03/2021,S47,0.328070718
15/03/2021,S52,0.328256709
18/03/2021,S56,0.309646631
18/03/2021,S28,0.314988373
18/03/2021,S33,0.316035496
18/03/2021,S40,0.326238221
18/03/2021,S19,0.333534
18/03/2021,S49,0.334336958
18/03/2021,S39,0.3349957
18/03/2021,S29,0.336078213
18/03/2021,S27,0.33611406
18/03/2021,S48,0.336202323
18/03/2021,S11,0.336530982
18/03/2021,S36,0.340190536
18/03/2021,S52,0.340719308
18/03/2021,S46,0.341727186
18/03/2021,S15,0.342618191
18/03/2021,S34,0.344242652
18/03/2021,S51,0.344379091
18/03/2021,S7,0.344894726
18/03/2021,S24,0.346509015
18/03/2021,S55,0.349096632
22/03/2021,S10,0.321541256
22/03/2021,S56,0.333660773
22/03/2021,S11,0.335295237
22/03/2021,S52,0.335413497
22/03/2021,S15,0.335555958
22/03/2021,S40,0.338545555
22/03/2021,S13,0.338876744
22/03/2021,S55,0.339464821
22/03/2021,S33,0.340151856
22/03/2021,S29,0.343820043
22/03/2021,S27,0.344857242
22/03/2021,S39,0.346082695
22/03/2021,S24,0.347739712
22/03/2021,S4,0.347931027
22/03/2021,S34,0.348495393
22/03/2021,S51,0.348617282
22/03/2021,S12,0.349862257
22/03/2021,S57,0.35039941
22/03/2021,S54,0.351282428
22/03/2021,S48,0.351407051
23/03/2021,S32,0.310427319
23/03/2021,S64,0.31147792
23/03/2021,S29,0.317537205
23/03/2021,S10,0.317846334
23/03/2021,S15,0.317975268
23/03/2021,S33,0.31805587
23/03/2021,S60,0.318139585
23/03/2021,S48,0.319572272
23/03/2021,S52,0.319692308
23/03/2021,S55,0.32070257
23/03/2021,S11,0.32125972
23/03/2021,S47,0.321508798
23/03/2021,S18,0.322395345
23/03/2021,S34,0.323947309
23/03/2021,S51,0.324664122
23/03/2021,S30,0.32657659
23/03/2021,S24,0.326643052
23/03/2021,S23,0.327548007
23/03/2021,S28,0.327808426
23/03/2021,S50,0.328559862
25/03/2021,S56,0.311905375
25/03/2021,S22,0.314980758
25/03/2021,S15,0.318070186
25/03/2021,S4,0.318172335
25/03/2021,S10,0.318830534
25/03/2021,S33,0.319888671
25/03/2021,S46,0.322087363
25/03/2021,S52,0.324695674
25/03/2021,S28,0.325776145
25/03/2021,S5,0.325909162
25/03/2021,S34,0.327035481
25/03/2021,S20,0.327738187
25/03/2021,S14,0.327769628
25/03/2021,S29,0.328148705
25/03/2021,S48,0.328643123
25/03/2021,S63,0.328728238
25/03/2021,S16,0.329605826
25/03/2021,S27,0.329792972
25/03/2021,S37,0.330073724
25/03/2021,S57,0.330296827
29/03/2021,S55,0.300676174
29/03/2021,S15,0.305126712
29/03/2021,S25,0.310322217
29/03/2021,S33,0.311001738
29/03/2021,S20,0.312747473
29/03/2021,S29,0.313540106
29/03/2021,S52,0.314740676
29/03/2021,S53,0.322297292
29/03/2021,S56,0.322714701
29/03/2021,S64,0.323717184
29/03/2021,S34,0.326016419
29/03/2021,S46,0.326153686
29/03/2021,S36,0.327701567
29/03/2021,S57,0.327920781
29/03/2021,S16,0.330733002
29/03/2021,S19,0.331084143
29/03/2021,S27,0.332052928
29/03/2021,S18,0.335053391
29/03/2021,S10,0.335332471
29/03/2021,S11,0.336374547
20/04/2021,S51,0.302597217
20/04/2021,S52,0.309893461
20/04/2021,S64,0.312099957
20/04/2021,S55,0.312522819
20/04/2021,S10,0.31278838
20/04/2021,S56,0.313927375
20/04/2021,S34,0.314031919
20/04/2021,S48,0.319271279
20/04/2021,S7,0.321858919
20/04/2021,S24,0.322535667
20/04/2021,S19,0.322647893
20/04/2021,S46,0.327588893
20/04/2021,S11,0.328129217
20/04/2021,S33,0.32825264
20/04/2021,S43,0.329409501
20/04/2021,S29,0.331221598
20/04/2021,S4,0.331378645
20/04/2021,S50,0.333148913
20/04/2021,S15,0.333228314
20/04/2021,S40,0.335658735
22/04/2021,S10,0.315383096
22/04/2021,S52,0.320404757
22/04/2021,S33,0.323241351
22/04/2021,S56,0.323968909
22/04/2021,S55,0.325026742
22/04/2021,S48,0.328824788
22/04/2021,S5,0.32899421
22/04/2021,S51,0.33100866
22/04/2021,S1,0.331261654
22/04/2021,S18,0.332419609
22/04/2021,S4,0.333414072
22/04/2021,S29,0.334537343
22/04/2021,S47,0.335501846
22/04/2021,S23,0.335758215
22/04/2021,S34,0.336183296
22/04/2021,S39,0.336500607
22/04/2021,S11,0.336728932
22/04/2021,S32,0.336758164
22/04/2021,S35,0.337618387
22/04/2021,S54,0.337762377
28/04/2021,S56,0.313594906
28/04/2021,S55,0.31885713
28/04/2021,S52,0.323356826
28/04/2021,S48,0.323793219
28/04/2021,S61,0.326251153
28/04/2021,S51,0.326772742
28/04/2021,S64,0.328350528
28/04/2021,S33,0.329045156
28/04/2021,S24,0.330002419
28/04/2021,S37,0.33061069
28/04/2021,S29,0.330813419
28/04/2021,S18,0.330953549
28/04/2021,S12,0.332827912
28/04/2021,S30,0.333083075
28/04/2021,S27,0.333340689
28/04/2021,S10,0.333836893
28/04/2021,S19,0.334542004
28/04/2021,S50,0.334610458
28/04/2021,S34,0.334761239
28/04/2021,S53,0.335222165
05/05/2021,S53,0.305114176
05/05/2021,S12,0.310373929
05/05/2021,S16,0.310477801
05/05/2021,S56,0.311559174
05/05/2021,S28,0.313812523
05/05/2021,S33,0.314317179
05/05/2021,S10,0.316747623
05/05/2021,S54,0.317394565
05/05/2021,S9,0.317457387
05/05/2021,S48,0.317496196
05/05/2021,S60,0.318190918
05/05/2021,S64,0.318498681
05/05/2021,S47,0.322883639
05/05/2021,S15,0.324811268
05/05/2021,S57,0.325176303
05/05/2021,S29,0.325411246
05/05/2021,S20,0.325602605
05/05/2021,S41,0.328147253
05/05/2021,S52,0.328406401
05/05/2021,S25,0.330970842
13/05/2021,S9,0.301240457
13/05/2021,S51,0.305254208
13/05/2021,S11,0.307483917
13/05/2021,S53,0.310079398
13/05/2021,S33,0.31044867
13/05/2021,S64,0.311623304
13/05/2021,S14,0.313127609
13/05/2021,S55,0.314293217
13/05/2021,S27,0.314706544
13/05/2021,S48,0.315632399
13/05/2021,S6,0.316547624
13/05/2021,S10,0.317286218
13/05/2021,S15,0.317676386
13/05/2021,S40,0.318830475
13/05/2021,S26,0.321177974
13/05/2021,S54,0.321265234
13/05/2021,S34,0.322265134
13/05/2021,S1,0.322823964
13/05/2021,S29,0.324541157
13/05/2021,S18,0.326809476
20/05/2021,S61,0.333051662
20/05/2021,S14,0.338045138
20/05/2021,S55,0.33993954
20/05/2021,S15,0.343257847
20/05/2021,S10,0.343639334
20/05/2021,S60,0.345467165
20/05/2021,S4,0.346400335
20/05/2021,S18,0.347543043
20/05/2021,S27,0.349232924
20/05/2021,S52,0.350483577
20/05/2021,S64,0.351648422
20/05/2021,S54,0.351968513
20/05/2021,S7,0.353414206
20/05/2021,S16,0.3539269
20/05/2021,S11,0.354569128
20/05/2021,S56,0.357049252
20/05/2021,S46,0.357379551
20/05/2021,S35,0.358368437
20/05/2021,S29,0.358683215
20/05/2021,S33,0.358946344
24/05/2021,S37,0.35062635
24/05/2021,S29,0.359923393
24/05/2021,S52,0.360179814
24/05/2021,S33,0.363010367
24/05/2021,S10,0.36389702
24/05/2021,S16,0.367483106
24/05/2021,S56,0.367871054
24/05/2021,S34,0.369588135
24/05/2021,S4,0.370247693
24/05/2021,S57,0.370752569
24/05/2021,S64,0.37107958
24/05/2021,S22,0.371352258
24/05/2021,S27,0.373962315
24/05/2021,S8,0.374858627
24/05/2021,S11,0.375347673
24/05/2021,S24,0.3760649
24/05/2021,S54,0.376747547
24/05/2021,S55,0.376761649
24/05/2021,S15,0.377431929
24/05/2021,S40,0.378959462
31/05/2021,S48,0.358072655
31/05/2021,S55,0.361971513
31/05/2021,S33,0.370564201
31/05/2021,S11,0.370838979
31/05/2021,S15,0.372388456
31/05/2021,S14,0.37375274
31/05/2021,S10,0.375379617
31/05/2021,S64,0.37613151
31/05/2021,S24,0.378296682
31/05/2021,S27,0.379241576
31/05/2021,S39,0.380943728
31/05/2021,S8,0.381087052
31/05/2021,S28,0.381968408
31/05/2021,S19,0.383374555
31/05/2021,S34,0.383711209
31/05/2021,S35,0.384940264
31/05/2021,S56,0.387639262
31/05/2021,S46,0.387833722
31/05/2021,S57,0.389696173
31/05/2021,S4,0.390139113
14/06/2021,S26,0.357362728
14/06/2021,S15,0.36023116
14/06/2021,S19,0.367906548
14/06/2021,S33,0.368637323
14/06/2021,S56,0.36865303
14/06/2021,S11,0.374592461
14/06/2021,S48,0.37598364
14/06/2021,S14,0.376076776
14/06/2021,S37,0.37761767
14/06/2021,S24,0.377862184
14/06/2021,S29,0.378536992
14/06/2021,S34,0.380220889
14/06/2021,S64,0.384125356
14/06/2021,S16,0.385935777
14/06/2021,S9,0.38683282
14/06/2021,S61,0.387872177
14/06/2021,S27,0.387935596
14/06/2021,S4,0.389480268
14/06/2021,S12,0.389930087
14/06/2021,S57,0.390297541
17/06/2021,S51,0.369979879
17/06/2021,S27,0.376563435
17/06/2021,S4,0.378420344
17/06/2021,S50,0.378424478
17/06/2021,S33,0.378831399
17/06/2021,S48,0.378926086
17/06/2021,S56,0.379152859
17/06/2021,S47,0.383759393
17/06/2021,S34,0.385971881
17/06/2021,S15,0.386423207
17/06/2021,S11,0.387110742
17/06/2021,S23,0.387551211
17/06/2021,S17,0.388447502
17/06/2021,S5,0.38848357
17/06/2021,S52,0.3888125
17/06/2021,S32,0.389698604
17/06/2021,S54,0.389959168
17/06/2021,S64,0.391090107
17/06/2021,S9,0.391593082
17/06/2021,S37,0.391650776
21/06/2021,S48,0.389989813
21/06/2021,S27,0.390023775
21/06/2021,S33,0.390924601
21/06/2021,S47,0.393240538
21/06/2021,S29,0.395950166
21/06/2021,S30,0.406038715
21/06/2021,S52,0.407104303
21/06/2021,S57,0.40744634
21/06/2021,S6,0.408471111
21/06/2021,S55,0.40965872
21/06/2021,S54,0.411404389
21/06/2021,S28,0.411952839
21/06/2021,S56,0.414790315
21/06/2021,S32,0.414944304
21/06/2021,S50,0.416235574
21/06/2021,S24,0.416473164
21/06/2021,S34,0.417335029
21/06/2021,S15,0.417843205
21/06/2021,S37,0.41886786
21/06/2021,S46,0.421423052
24/06/2021,S34,0.382803354
24/06/2021,S29,0.393561668
24/06/2021,S51,0.394510791
24/06/2021,S4,0.396975306
24/06/2021,S10,0.397556368
24/06/2021,S33,0.400818927
24/06/2021,S3,0.403398963
24/06/2021,S1,0.403832552
24/06/2021,S27,0.405403949
24/06/2021,S56,0.408089237
24/06/2021,S23,0.408103813
24/06/2021,S14,0.409211528
24/06/2021,S9,0.409422797
24/06/2021,S24,0.409489784
24/06/2021,S64,0.409656232
24/06/2021,S28,0.410021431
24/06/2021,S15,0.410569322
24/06/2021,S55,0.411618474
24/06/2021,S52,0.413388412
24/06/2021,S48,0.414114864
30/06/2021,S64,0.390733063
30/06/2021,S8,0.394682431
30/06/2021,S57,0.398005289
30/06/2021,S18,0.39831122
30/06/2021,S33,0.401727767
30/06/2021,S21,0.40231959
30/06/2021,S27,0.402711735
30/06/2021,S10,0.40622193
30/06/2021,S48,0.407007892
30/06/2021,S34,0.407364958
30/06/2021,S23,0.407475086
30/06/2021,S58,0.408513503
30/06/2021,S29,0.40959185
30/06/2021,S53,0.411848632
30/06/2021,S24,0.412546611
30/06/2021,S59,0.413019496
30/06/2021,S56,0.414521072
30/06/2021,S62,0.414694838
30/06/2021,S15,0.414766762
30/06/2021,S11,0.415051338
15/07/2021,S26,0.343757326
15/07/2021,S50,0.348625885
15/07/2021,S64,0.3509993
15/07/2021,S19,0.352178966
15/07/2021,S48,0.353298434
15/07/2021,S11,0.354192212
15/07/2021,S56,0.355034854
15/07/2021,S10,0.356455956
15/07/2021,S4,0.356544326
15/07/2021,S14,0.357678334
15/07/2021,S35,0.35834237
15/07/2021,S52,0.359910383
15/07/2021,S46,0.360256784
15/07/2021,S33,0.362176016
15/07/2021,S49,0.362349337
15/07/2021,S39,0.362399491
15/07/2021,S53,0.362449361
15/07/2021,S54,0.364690436
15/07/2021,S57,0.365591884
15/07/2021,S15,0.365927042
19/07/2021,S50,0.335407095
19/07/2021,S56,0.343042024
19/07/2021,S15,0.345241145
19/07/2021,S37,0.347179395
19/07/2021,S28,0.347596033
19/07/2021,S55,0.348680989
19/07/2021,S64,0.349171453
19/07/2021,S52,0.35018359
19/07/2021,S13,0.350534457
19/07/2021,S49,0.351183585
19/07/2021,S34,0.351617009
19/07/2021,S18,0.352555879
19/07/2021,S29,0.35342376
19/07/2021,S33,0.354218798
19/07/2021,S11,0.354551761
19/07/2021,S48,0.358886164
19/07/2021,S27,0.359573922
19/07/2021,S54,0.361430162
19/07/2021,S19,0.361763932
19/07/2021,S57,0.362495829
22/07/2021,S48,0.342824981
22/07/2021,S60,0.348631972
22/07/2021,S53,0.353315774
22/07/2021,S52,0.355311848
22/07/2021,S9,0.356394324
22/07/2021,S64,0.357917997
22/07/2021,S29,0.35849179
22/07/2021,S10,0.359461346
22/07/2021,S11,0.359514028
22/07/2021,S58,0.36084415
22/07/2021,S18,0.360944296
22/07/2021,S56,0.361379874
22/07/2021,S14,0.361951922
22/07/2021,S40,0.36215934
22/07/2021,S23,0.362885377
22/07/2021,S26,0.363861939
22/07/2021,S27,0.365637896
22/07/2021,S4,0.365862106
22/07/2021,S33,0.365894536
22/07/2021,S15,0.365907491
30/08/2021,S29,0.390569622
30/08/2021,S27,0.394194911
30/08/2021,S15,0.394653058
30/08/2021,S34,0.40230572
30/08/2021,S1,0.403974502
30/08/2021,S56,0.407170005
30/08/2021,S33,0.407749508
30/08/2021,S51,0.408899082
30/08/2021,S36,0.41058965
30/08/2021,S24,0.412738836
30/08/2021,S39,0.414329317
30/08/2021,S50,0.414763586
30/08/2021,S17,0.415638102
30/08/2021,S64,0.419703779
30/08/2021,S52,0.421150818
30/08/2021,S37,0.421180321
30/08/2021,S31,0.422189937
30/08/2021,S20,0.422856798
30/08/2021,S8,0.42313293
30/08/2021,S32,0.423905992
09/09/2021,S14,0.399686057
09/09/2021,S48,0.402267593
09/09/2021,S57,0.402404759
09/09/2021,S35,0.402580783
09/09/2021,S24,0.407335753
09/09/2021,S56,0.408651402
09/09/2021,S18,0.410317865
09/09/2021,S11,0.410674933
09/09/2021,S37,0.410941898
09/09/2021,S23,0.41121587
09/09/2021,S41,0.415500868
09/09/2021,S54,0.41573288
09/09/2021,S9,0.415960624
09/09/2021,S52,0.416359719
09/09/2021,S36,0.418310023
09/09/2021,S40,0.422330461
09/09/2021,S1,0.422942078
09/09/2021,S5,0.424394836
09/09/2021,S13,0.424675561
09/09/2021,S46,0.426139774
14/09/2021,S56,0.365666811
14/09/2021,S6,0.374947994
14/09/2021,S52,0.37616917
14/09/2021,S43,0.377655931
14/09/2021,S34,0.383076345
14/09/2021,S19,0.384751151
14/09/2021,S55,0.385474625
14/09/2021,S27,0.388427016
14/09/2021,S64,0.389442263
14/09/2021,S57,0.391363578
14/09/2021,S39,0.39656606
14/09/2021,S28,0.398201687
14/09/2021,S59,0.400349229
14/09/2021,S50,0.400362802
14/09/2021,S53,0.401502539
14/09/2021,S48,0.402123409
14/09/2021,S17,0.404112814
14/09/2021,S21,0.404252382
14/09/2021,S62,0.404694099
14/09/2021,S41,0.405105845
17/09/2021,S56,0.390111028
17/09/2021,S15,0.401996299
17/09/2021,S28,0.402542299
17/09/2021,S11,0.402730007
17/09/2021,S14,0.407132399
17/09/2021,S51,0.408397787
17/09/2021,S30,0.409546788
17/09/2021,S4,0.409713652
17/09/2021,S40,0.411073037
17/09/2021,S26,0.414353331
17/09/2021,S64,0.415179504
17/09/2021,S46,0.415768316
17/09/2021,S53,0.416946393
17/09/2021,S41,0.417358907
17/09/2021,S8,0.41779133
17/09/2021,S54,0.418893074
17/09/2021,S29,0.41921552
17/09/2021,S52,0.42078828
17/09/2021,S35,0.42133836
17/09/2021,S33,0.421432022
20/09/2021,S28,0.415949119
20/09/2021,S30,0.429933732
20/09/2021,S48,0.431506817
20/09/2021,S52,0.440257938
20/09/2021,S11,0.442525066
20/09/2021,S14,0.443381845
20/09/2021,S13,0.443654669
20/09/2021,S64,0.443937974
20/09/2021,S6,0.446467983
20/09/2021,S32,0.44652368
20/09/2021,S41,0.447031892
20/09/2021,S44,0.447598477
20/09/2021,S56,0.450475419
20/09/2021,S37,0.452180055
20/09/2021,S59,0.453061446
20/09/2021,S43,0.453773443
20/09/2021,S46,0.455551643
20/09/2021,S7,0.455688709
20/09/2021,S23,0.455814111
20/09/2021,S42,0.4559422
21/09/2021,S9,0.419387278
21/09/2021,S28,0.42304638
21/09/2021,S37,0.428099506
21/09/2021,S38,0.434282842
21/09/2021,S14,0.435098068
21/09/2021,S42,0.435305695
21/09/2021,S45,0.437367146
21/09/2021,S35,0.439434564
21/09/2021,S10,0.439793694
21/09/2021,S26,0.440827631
21/09/2021,S8,0.4409435
21/09/2021,S16,0.441018255
21/09/2021,S54,0.441046889
21/09/2021,S62,0.441307899
21/09/2021,S25,0.442927648
21/09/2021,S5,0.442972056
21/09/2021,S4,0.443974582
21/09/2021,S47,0.444895816
21/09/2021,S48,0.445780766
21/09/2021,S33,0.446415567
22/09/2021,S46,0.383797415
22/09/2021,S15,0.391370419
22/09/2021,S55,0.392992117
22/09/2021,S59,0.393619594
22/09/2021,S56,0.394270037
22/09/2021,S40,0.399071114
22/09/2021,S19,0.399475785
22/09/2021,S5,0.399503389
22/09/2021,S22,0.399621016
22/09/2021,S50,0.400563156
22/09/2021,S30,0.402141924
22/09/2021,S64,0.402756197
22/09/2021,S34,0.403268728
22/09/2021,S32,0.403610342
22/09/2021,S37,0.405037484
22/09/2021,S49,0.405075288
22/09/2021,S54,0.405693322
22/09/2021,S36,0.405751466
22/09/2021,S39,0.406375583
22/09/2021,S14,0.408124623
23/09/2021,S8,0.366016929
23/09/2021,S13,0.367757975
23/09/2021,S51,0.369337304
23/09/2021,S40,0.373696456
23/09/2021,S33,0.374385673
23/09/2021,S30,0.374537142
23/09/2021,S29,0.375439055
23/09/2021,S55,0.378572422
23/09/2021,S18,0.379190366
23/09/2021,S17,0.379853738
23/09/2021,S43,0.380911446
23/09/2021,S22,0.381369212
23/09/2021,S42,0.382348454
23/09/2021,S45,0.383462227
23/09/2021,S47,0.383547533
23/09/2021,S5,0.386294933
23/09/2021,S56,0.386381101
23/09/2021,S61,0.386991245
23/09/2021,S59,0.38860755
23/09/2021,S34,0.390724257
24/09/2021,S31,0.363861907
24/09/2021,S34,0.366116182
24/09/2021,S52,0.367705345
24/09/2021,S41,0.368298882
24/09/2021,S54,0.369324641
24/09/2021,S58,0.371912955
24/09/2021,S61,0.375076788
24/09/2021,S42,0.375980331
24/09/2021,S37,0.376548497
24/09/2021,S15,0.377400591
24/09/2021,S33,0.377920406
24/09/2021,S22,0.378762074
24/09/2021,S11,0.37963479
24/09/2021,S7,0.380517456
24/09/2021,S19,0.381207307
24/09/2021,S32,0.382395467
24/09/2021,S51,0.383485005
24/09/2021,S48,0.38493858
24/09/2021,S4,0.385026767
24/09/2021,S40,0.385599111
27/09/2021,S27,0.409227687
27/09/2021,S5,0.409252069
27/09/2021,S38,0.411266378
27/09/2021,S59,0.411521187
27/09/2021,S48,0.414799757
27/09/2021,S41,0.41589297
27/09/2021,S13,0.418787368
27/09/2021,S33,0.419126498
27/09/2021,S63,0.420239026
27/09/2021,S39,0.420290151
27/09/2021,S32,0.423712796
27/09/2021,S54,0.424674887
27/09/2021,S42,0.425452076
27/09/2021,S15,0.427889891
27/09/2021,S55,0.429094981
27/09/2021,S37,0.429486388
27/09/2021,S61,0.429584581
27/09/2021,S51,0.43139034
27/09/2021,S34,0.434281801
27/09/2021,S60,0.435781504
28/09/2021,S12,0.396763882
28/09/2021,S33,0.401922994
28/09/2021,S61,0.404644189
28/09/2021,S16,0.406577234
28/09/2021,S59,0.410864671
28/09/2021,S10,0.412368621
28/09/2021,S54,0.412869304
28/09/2021,S60,0.413271903
28/09/2021,S34,0.413798246
28/09/2021,S52,0.414540161
28/09/2021,S49,0.418209119
28/09/2021,S17,0.418720855
28/09/2021,S30,0.41908356
28/09/2021,S29,0.420575769
28/09/2021,S46,0.42350075
28/09/2021,S27,0.424864136
28/09/2021,S37,0.425036353
28/09/2021,S55,0.426430945
28/09/2021,S44,0.426711986
28/09/2021,S13,0.427549886
29/09/2021,S51,0.411951329
29/09/2021,S23,0.418585702
29/09/2021,S41,0.421646147
29/09/2021,S15,0.427329328
29/09/2021,S33,0.429676012
29/09/2021,S9,0.430193593
29/09/2021,S5,0.432566157
29/09/2021,S64,0.433451345
29/09/2021,S48,0.434738855
29/09/2021,S54,0.436485603
29/09/2021,S16,0.438428497
29/09/2021,S40,0.439958422
29/09/2021,S26,0.440754991
29/09/2021,S52,0.440888941
29/09/2021,S34,0.441086275
29/09/2021,S30,0.441437094
29/09/2021,S29,0.443881686
29/09/2021,S22,0.44460471
29/09/2021,S55,0.445495896
29/09/2021,S56,0.445533041
30/09/2021,S1,0.399788002
30/09/2021,S28,0.403812468
30/09/2021,S35,0.409530382
30/09/2021,S17,0.415574065
30/09/2021,S14,0.416058148
30/09/2021,S50,0.416303559
30/09/2021,S41,0.416723167
30/09/2021,S39,0.417988726
30/09/2021,S7,0.419695821
30/09/2021,S64,0.422181715
30/09/2021,S30,0.422266636
30/09/2021,S5,0.422818096
30/09/2021,S22,0.423024043
30/09/2021,S24,0.423222003
30/09/2021,S11,0.424157808
30/09/2021,S16,0.425173149
30/09/2021,S13,0.42662363
30/09/2021,S32,0.426819923
30/09/2021,S15,0.426997154
30/09/2021,S37,0.427136574
11/10/2021,S58,0.404847998
11/10/2021,S11,0.405165661
11/10/2021,S28,0.407055793
11/10/2021,S12,0.407189825
11/10/2021,S33,0.40728456
11/10/2021,S48,0.408368312
11/10/2021,S34,0.410023439
11/10/2021,S59,0.410715747
11/10/2021,S9,0.412041389
11/10/2021,S23,0.412948407
11/10/2021,S56,0.41336445
11/10/2021,S57,0.413527771
11/10/2021,S32,0.414125052
11/10/2021,S37,0.414173603
11/10/2021,S49,0.414695059
11/10/2021,S36,0.416339045
11/10/2021,S51,0.416469157
11/10/2021,S20,0.416489432
11/10/2021,S22,0.416680539
11/10/2021,S64,0.417079297
13/10/2021,S59,0.447932784
13/10/2021,S16,0.458947453
13/10/2021,S50,0.459323731
13/10/2021,S46,0.463792763
13/10/2021,S33,0.466776979
13/10/2021,S34,0.469049272
13/10/2021,S53,0.46917769
13/10/2021,S30,0.470322647
13/10/2021,S63,0.470784822
13/10/2021,S15,0.471830319
13/10/2021,S13,0.473050617
13/10/2021,S48,0.473129088
13/10/2021,S19,0.47387995
13/10/2021,S42,0.474285268
13/10/2021,S54,0.474336152
13/10/2021,S56,0.47441058
13/10/2021,S41,0.476021631
13/10/2021,S12,0.476228136
13/10/2021,S23,0.477214204
13/10/2021,S62,0.478687012
14/10/2021,S11,0.444910066
14/10/2021,S38,0.448316055
14/10/2021,S22,0.448751963
14/10/2021,S15,0.45180045
14/10/2021,S40,0.453753069
14/10/2021,S45,0.454013786
14/10/2021,S42,0.459682058
14/10/2021,S59,0.462954992
14/10/2021,S30,0.464610899
14/10/2021,S24,0.465619112
14/10/2021,S37,0.467144345
14/10/2021,S39,0.470996976
14/10/2021,S13,0.471397568
14/10/2021,S16,0.472154558
14/10/2021,S20,0.472583355
14/10/2021,S48,0.473236668
14/10/2021,S19,0.475812008
14/10/2021,S34,0.475900608
14/10/2021,S56,0.476382942
14/10/2021,S50,0.477299499
15/10/2021,S51,0.416430909
15/10/2021,S9,0.419867489
15/10/2021,S48,0.427983886
15/10/2021,S33,0.429163699
15/10/2021,S64,0.433059603
15/10/2021,S47,0.440280849
15/10/2021,S27,0.444922795
15/10/2021,S19,0.446124649
15/10/2021,S56,0.446413611
15/10/2021,S39,0.447381896
15/10/2021,S46,0.449024113
15/10/2021,S49,0.449514124
15/10/2021,S6,0.449960758
15/10/2021,S50,0.450010869
15/10/2021,S34,0.450472607
15/10/2021,S42,0.450851312
15/10/2021,S59,0.452110791
15/10/2021,S13,0.453956932
15/10/2021,S24,0.454724418
15/10/2021,S21,0.454875264
18/10/2021,S54,0.472924056
18/10/2021,S50,0.482708164
18/10/2021,S27,0.489224916
18/10/2021,S29,0.495556476
18/10/2021,S57,0.500836147
18/10/2021,S33,0.501626614
18/10/2021,S47,0.502000039
18/10/2021,S10,0.502788063
18/10/2021,S62,0.503109511
18/10/2021,S39,0.503165257
18/10/2021,S15,0.503903855
18/10/2021,S60,0.506002156
18/10/2021,S24,0.506131182
18/10/2021,S19,0.506373806
18/10/2021,S42,0.506515287
18/10/2021,S16,0.507767108
18/10/2021,S34,0.509678148
18/10/2021,S22,0.509908922
18/10/2021,S28,0.510379643
18/10/2021,S53,0.510536312
19/10/2021,S10,0.432945207
19/10/2021,S27,0.444685772
19/10/2021,S38,0.447390962
19/10/2021,S42,0.448007792
19/10/2021,S18,0.453301372
19/10/2021,S54,0.454444619
19/10/2021,S56,0.454593296
19/10/2021,S51,0.455978242
19/10/2021,S40,0.459249041
19/10/2021,S36,0.459278957
19/10/2021,S12,0.459295461
19/10/2021,S46,0.459889455
19/10/2021,S47,0.461132473
19/10/2021,S15,0.461505678
19/10/2021,S55,0.462315045
19/10/2021,S13,0.464476946
19/10/2021,S25,0.464550513
19/10/2021,S41,0.465136681
19/10/2021,S22,0.466820872
19/10/2021,S14,0.467033724
20/10/2021,S51,0.399700378
20/10/2021,S34,0.408565568
20/10/2021,S54,0.418621142
20/10/2021,S46,0.418787317
20/10/2021,S16,0.421553198
20/10/2021,S33,0.428180728
20/10/2021,S56,0.437369825
20/10/2021,S9,0.440256772
20/10/2021,S4,0.441584987
20/10/2021,S28,0.446333163
20/10/2021,S35,0.449891791
20/10/2021,S10,0.451175783
20/10/2021,S13,0.452263176
20/10/2021,S11,0.452313353
20/10/2021,S5,0.45422889
20/10/2021,S22,0.456635072
20/10/2021,S40,0.457570642
20/10/2021,S27,0.457980687
20/10/2021,S39,0.459040174
20/10/2021,S38,0.460510796
21/10/2021,S12,0.435082513
21/10/2021,S58,0.442045148
21/10/2021,S56,0.442596676
21/10/2021,S4,0.445774455
21/10/2021,S27,0.447622814
21/10/2021,S34,0.448236046
21/10/2021,S54,0.452080501
21/10/2021,S35,0.452365317
21/10/2021,S33,0.45347169
21/10/2021,S31,0.456973312
21/10/2021,S14,0.458199231
21/10/2021,S23,0.458831051
21/10/2021,S29,0.458902844
21/10/2021,S47,0.458991742
21/10/2021,S59,0.459038793
21/10/2021,S63,0.459313962
21/10/2021,S17,0.462343766
21/10/2021,S46,0.463069003
21/10/2021,S53,0.464282821
21/10/2021,S13,0.465011614
22/10/2021,S47,0.421872417
22/10/2021,S30,0.425590871
22/10/2021,S56,0.425802335
22/10/2021,S62,0.426519431
22/10/2021,S35,0.429382527
22/10/2021,S14,0.431048682
22/10/2021,S60,0.436764106
22/10/2021,S15,0.437361144
22/10/2021,S29,0.440674384
22/10/2021,S34,0.441344042
22/10/2021,S37,0.443689236
22/10/2021,S11,0.444642378
22/10/2021,S21,0.44726389
22/10/2021,S43,0.448147055
22/10/2021,S42,0.448766349
22/10/2021,S41,0.449480962
22/10/2021,S64,0.450484892
22/10/2021,S13,0.455036862
22/10/2021,S36,0.457299589
22/10/2021,S46,0.457876716
26/10/2021,S21,0.41185869
26/10/2021,S64,0.416120392
26/10/2021,S37,0.416576075
26/10/2021,S35,0.425986102
26/10/2021,S34,0.426350215
26/10/2021,S29,0.427832773
26/10/2021,S22,0.428663386
26/10/2021,S15,0.429361517
26/10/2021,S23,0.430185446
26/10/2021,S41,0.432774766
26/10/2021,S52,0.433388347
26/10/2021,S9,0.434169591
26/10/2021,S24,0.43536155
26/10/2021,S33,0.435382703
26/10/2021,S6,0.435690561
26/10/2021,S39,0.435812647
26/10/2021,S53,0.436195824
26/10/2021,S42,0.436562503
26/10/2021,S59,0.43657149
26/10/2021,S56,0.43698596
27/10/2021,S23,0.419288933
27/10/2021,S14,0.423768534
27/10/2021,S63,0.427308637
27/10/2021,S46,0.436918048
27/10/2021,S51,0.440512084
27/10/2021,S59,0.440696656
27/10/2021,S40,0.440994371
27/10/2021,S53,0.441057683
27/10/2021,S39,0.445482595
27/10/2021,S47,0.445533094
27/10/2021,S24,0.448851936
27/10/2021,S58,0.448927652
27/10/2021,S11,0.449022836
27/10/2021,S22,0.450673263
27/10/2021,S36,0.450843011
27/10/2021,S12,0.451500581
27/10/2021,S41,0.452946812
27/10/2021,S60,0.453019254
27/10/2021,S42,0.453402761
27/10/2021,S48,0.453666286
28/10/2021,S57,0.411129724
28/10/2021,S15,0.414086884
28/10/2021,S40,0.416388639
28/10/2021,S54,0.418879202
28/10/2021,S36,0.419078181
28/10/2021,S13,0.421407691
28/10/2021,S18,0.421614736
28/10/2021,S10,0.421673631
28/10/2021,S45,0.426282317
28/10/2021,S47,0.426495754
28/10/2021,S46,0.426858504
28/10/2021,S9,0.428990174
28/10/2021,S53,0.429364812
28/10/2021,S34,0.429962786
28/10/2021,S39,0.430037425
28/10/2021,S59,0.432321966
28/10/2021,S51,0.432479891
28/10/2021,S33,0.433506601
28/10/2021,S7,0.433970815
28/10/2021,S22,0.434179202
29/10/2021,S36,0.408853449
29/10/2021,S47,0.410235401
29/10/2021,S33,0.422917112
29/10/2021,S57,0.423211477
29/10/2021,S32,0.425537724
29/10/2021,S64,0.426340965
29/10/2021,S53,0.430092185
29/10/2021,S61,0.431110186
29/10/2021,S7,0.431808805
29/10/2021,S34,0.43340779
29/10/2021,S29,0.433752086
29/10/2021,S35,0.434295322
29/10/2021,S60,0.435011872
29/10/2021,S56,0.436440861
29/10/2021,S27,0.436845537
29/10/2021,S46,0.437788636
29/10/2021,S11,0.437799353
29/10/2021,S45,0.43853304
29/10/2021,S24,0.439653287
29/10/2021,S51,0.44042867
31/10/2021,S56,0.389169738
31/10/2021,S23,0.399874034
31/10/2021,S15,0.401541185
31/10/2021,S18,0.403773618
31/10/2021,S28,0.406635032
31/10/2021,S24,0.407757391
31/10/2021,S50,0.407767108
31/10/2021,S36,0.411910843
31/10/2021,S11,0.412429713
31/10/2021,S47,0.413073503
31/10/2021,S7,0.414056759
31/10/2021,S64,0.415819882
31/10/2021,S4,0.416209181
31/10/2021,S54,0.416611764
31/10/2021,S45,0.416904705
31/10/2021,S27,0.417270893
31/10/2021,S53,0.419190082
31/10/2021,S37,0.419642315
31/10/2021,S19,0.419680844
31/10/2021,S63,0.420349207
10/11/2021,S34,0.445638766
10/11/2021,S64,0.446068354
10/11/2021,S39,0.44723987
10/11/2021,S37,0.45015767
10/11/2021,S30,0.454407246
10/11/2021,S20,0.45449539
10/11/2021,S33,0.454558612
10/11/2021,S15,0.455505668
10/11/2021,S36,0.455776125
10/11/2021,S13,0.458771292
10/11/2021,S7,0.458995344
10/11/2021,S40,0.459588528
10/11/2021,S42,0.459985458
10/11/2021,S43,0.460058008
10/11/2021,S62,0.46050144
10/11/2021,S23,0.460970168
10/11/2021,S56,0.462180617
10/11/2021,S54,0.462892434
10/11/2021,S25,0.463074208
10/11/2021,S8,0.463741893
11/11/2021,S9,0.375900762
11/11/2021,S50,0.378406159
11/11/2021,S30,0.383532349
11/11/2021,S57,0.385209656
11/11/2021,S27,0.389373183
11/11/2021,S23,0.390577336
11/11/2021,S41,0.391086986
11/11/2021,S34,0.394139632
11/11/2021,S10,0.394740001
11/11/2021,S35,0.395478424
11/11/2021,S60,0.395664911
11/11/2021,S13,0.395743591
11/11/2021,S56,0.395999378
11/11/2021,S33,0.396379865
11/11/2021,S31,0.396962005
11/11/2021,S51,0.39750669
11/11/2021,S14,0.397786821
11/11/2021,S48,0.398001283
11/11/2021,S37,0.398102175
11/11/2021,S42,0.398107922
15/11/2021,S27,0.409963577
15/11/2021,S11,0.411105773
15/11/2021,S35,0.412388003
15/11/2021,S13,0.412604162
15/11/2021,S48,0.412728544
15/11/2021,S51,0.414137864
15/11/2021,S8,0.414477016
15/11/2021,S20,0.416330393
15/11/2021,S46,0.416445466
15/11/2021,S22,0.417601857
15/11/2021,S57,0.419660387
15/11/2021,S37,0.419690615
15/11/2021,S64,0.420470246
15/11/2021,S33,0.420534998
15/11/2021,S55,0.420683173
15/11/2021,S32,0.421148574
15/11/2021,S17,0.421205774
15/11/2021,S9,0.421249771
15/11/2021,S47,0.421993483
15/11/2021,S25,0.423048464
16/11/2021,S8,0.380689102
16/11/2021,S57,0.381088677
16/11/2021,S13,0.381963609
16/11/2021,S64,0.385269732
16/11/2021,S59,0.387417989
16/11/2021,S10,0.388007154
16/11/2021,S11,0.391153957
16/11/2021,S12,0.39242326
16/11/2021,S30,0.394024347
16/11/2021,S14,0.394955256
16/11/2021,S24,0.395253914
16/11/2021,S6,0.395305262
16/11/2021,S54,0.395308536
16/11/2021,S37,0.396077251
16/11/2021,S42,0.396159155
16/11/2021,S46,0.396704559
16/11/2021,S15,0.39822672
16/11/2021,S18,0.398651313
16/11/2021,S33,0.39957666
16/11/2021,S47,0.399789159
17/11/2021,S47,0.358835731
17/11/2021,S12,0.362389067
17/11/2021,S8,0.365459306
17/11/2021,S27,0.365712614
17/11/2021,S64,0.365736752
17/11/2021,S49,0.365804177
17/11/2021,S33,0.366774752
17/11/2021,S13,0.368264472
17/11/2021,S46,0.369733365
17/11/2021,S6,0.37069028
17/11/2021,S35,0.370854425
17/11/2021,S14,0.374728062
17/11/2021,S30,0.375379376
17/11/2021,S23,0.376954914
17/11/2021,S56,0.377156012
17/11/2021,S50,0.377635059
17/11/2021,S51,0.379253171
17/11/2021,S45,0.379841128
17/11/2021,S18,0.380847107
17/11/2021,S41,0.382628246
18/11/2021,S24,0.367820845
18/11/2021,S34,0.369911073
18/11/2021,S53,0.382566253
18/11/2021,S11,0.385305972
18/11/2021,S10,0.386327332
18/11/2021,S12,0.386601572
18/11/2021,S42,0.387068081
18/11/2021,S47,0.388105011
18/11/2021,S15,0.388564044
18/11/2021,S56,0.389021205
18/11/2021,S48,0.392271197
18/11/2021,S51,0.39277031
18/11/2021,S54,0.392970177
18/11/2021,S37,0.394668988
18/11/2021,S9,0.39575449
18/11/2021,S58,0.395984022
18/11/2021,S33,0.39603151
18/11/2021,S49,0.396808682
18/11/2021,S19,0.397275453
18/11/2021,S22,0.397439005
22/11/2021,S58,0.394252296
22/11/2021,S37,0.401361509
22/11/2021,S17,0.401619082
22/11/2021,S36,0.401776419
22/11/2021,S41,0.401826794
22/11/2021,S11,0.402180716
22/11/2021,S52,0.40254938
22/11/2021,S24,0.40425238
22/11/2021,S32,0.404397988
22/11/2021,S10,0.404592192
22/11/2021,S64,0.4063941
22/11/2021,S34,0.409783853
22/11/2021,S56,0.410151637
22/11/2021,S53,0.410484124
22/11/2021,S14,0.41060643
22/11/2021,S35,0.412930317
22/11/2021,S6,0.413732063
22/11/2021,S50,0.413956534
22/11/2021,S51,0.415908482
22/11/2021,S57,0.41595352
23/11/2021,S37,0.379568482
23/11/2021,S46,0.38479014
23/11/2021,S4,0.387715344
23/11/2021,S53,0.390438273
23/11/2021,S9,0.391006088
23/11/2021,S57,0.392823443
23/11/2021,S15,0.394473184
23/11/2021,S24,0.395661668
23/11/2021,S28,0.396359166
23/11/2021,S7,0.396562898
23/11/2021,S8,0.396964104
23/11/2021,S41,0.397342192
23/11/2021,S12,0.39750293
23/11/2021,S47,0.398193955
23/11/2021,S34,0.398207896
23/11/2021,S56,0.39915615
23/11/2021,S11,0.400464533
23/11/2021,S23,0.401626861
23/11/2021,S52,0.402082868
23/11/2021,S33,0.40347952
25/11/2021,S7,0.413824037
25/11/2021,S15,0.415507235
25/11/2021,S56,0.417898433
25/11/2021,S52,0.418267719
25/11/2021,S64,0.418353141
25/11/2021,S34,0.421864122
25/11/2021,S11,0.422513124
25/11/2021,S4,0.425842891
25/11/2021,S40,0.426187035
25/11/2021,S53,0.427868613
25/11/2021,S46,0.428026997
25/11/2021,S10,0.430685294
25/11/2021,S60,0.432906955
25/11/2021,S33,0.435028192
25/11/2021,S48,0.437330111
25/11/2021,S38,0.438450838
25/11/2021,S57,0.438458347
25/11/2021,S12,0.43878885
25/11/2021,S9,0.438883998
25/11/2021,S51,0.439376364
26/11/2021,S23,0.411471932
26/11/2021,S18,0.414224038
26/11/2021,S34,0.416165699
26/11/2021,S33,0.416878185
26/11/2021,S13,0.417989628
26/11/2021,S10,0.418221926
26/11/2021,S27,0.418880281
26/11/2021,S41,0.420476389
26/11/2021,S35,0.421264255
26/11/2021,S46,0.423409627
26/11/2021,S54,0.424117449
26/11/2021,S9,0.424763919
26/11/2021,S17,0.424785537
26/11/2021,S59,0.424903793
26/11/2021,S11,0.425405854
26/11/2021,S14,0.428043324
26/11/2021,S64,0.429000788
26/11/2021,S36,0.429275039
26/11/2021,S28,0.429664429
26/11/2021,S22,0.42992099
29/11/2021,S47,0.38819663
29/11/2021,S23,0.389846583
29/11/2021,S37,0.393094309
29/11/2021,S56,0.395335469
29/11/2021,S49,0.395776467
29/11/2021,S52,0.397238371
29/11/2021,S24,0.397564132
29/11/2021,S27,0.398418917
29/11/2021,S28,0.398845187
29/11/2021,S34,0.399642993
29/11/2021,S64,0.400036788
29/11/2021,S10,0.401885733
29/11/2021,S32,0.402594102
29/11/2021,S33,0.402617638
29/11/2021,S60,0.403450643
29/11/2021,S8,0.404224613
29/11/2021,S50,0.406028373
29/11/2021,S39,0.406101826
29/11/2021,S55,0.406372358
29/11/2021,S35,0.406560204
30/11/2021,S55,0.3566304
30/11/2021,S41,0.374123824
30/11/2021,S22,0.374498952
30/11/2021,S33,0.379668301
30/11/2021,S23,0.383266075
30/11/2021,S28,0.386247322
30/11/2021,S53,0.386674703
30/11/2021,S11,0.390827412
30/11/2021,S6,0.390883329
30/11/2021,S14,0.391950277
30/11/2021,S29,0.392093302
30/11/2021,S34,0.397563124
30/11/2021,S15,0.400164052
30/11/2021,S57,0.400333489
30/11/2021,S64,0.400969115
30/11/2021,S54,0.401364145
30/11/2021,S13,0.401581608
30/11/2021,S36,0.40200302
30/11/2021,S51,0.402298339
30/11/2021,S61,0.402838003
14/12/2021,S64,0.374692405
14/12/2021,S15,0.380831877
14/12/2021,S56,0.390375122
14/12/2021,S9,0.393068369
14/12/2021,S57,0.393115907
14/12/2021,S46,0.393775135
14/12/2021,S22,0.398586003
14/12/2021,S11,0.398972403
14/12/2021,S33,0.401941366
14/12/2021,S35,0.403575791
14/12/2021,S32,0.404738266
14/12/2021,S41,0.405232828
14/12/2021,S27,0.405808478
14/12/2021,S14,0.405912919
14/12/2021,S12,0.405938288
14/12/2021,S39,0.407398631
14/12/2021,S53,0.407778399
14/12/2021,S13,0.411034683
14/12/2021,S59,0.411551825
14/12/2021,S49,0.411857523
15/12/2021,S15,0.38703776
15/12/2021,S58,0.388572404
15/12/2021,S33,0.407459106
15/12/2021,S25,0.407641258
15/12/2021,S20,0.408482471
15/12/2021,S23,0.40874342
15/12/2021,S32,0.412417283
15/12/2021,S45,0.41570113
15/12/2021,S47,0.416017672
15/12/2021,S57,0.41718362
15/12/2021,S12,0.417370026
15/12/2021,S56,0.417556948
15/12/2021,S9,0.417679221
15/12/2021,S50,0.418370704
15/12/2021,S4,0.418513564
15/12/2021,S44,0.41954366
15/12/2021,S64,0.420607273
15/12/2021,S13,0.421854272
15/12/2021,S59,0.422254705
15/12/2021,S42,0.423073481
16/12/2021,S34,0.394986286
16/12/2021,S49,0.409811623
16/12/2021,S16,0.4113226
16/12/2021,S41,0.414836047
16/12/2021,S19,0.41641277
16/12/2021,S47,0.416607055
16/12/2021,S11,0.417094226
16/12/2021,S25,0.422520333
16/12/2021,S27,0.426883678
16/12/2021,S59,0.427504469
16/12/2021,S14,0.427640023
16/12/2021,S22,0.428446994
16/12/2021,S30,0.429267411
16/12/2021,S15,0.429973225
16/12/2021,S36,0.430827623
16/12/2021,S5,0.432075201
16/12/2021,S56,0.432427747
16/12/2021,S9,0.433388496
16/12/2021,S50,0.435668175
16/12/2021,S38,0.436400788
17/12/2021,S22,0.417425811
17/12/2021,S30,0.421701333
17/12/2021,S58,0.423850236
17/12/2021,S9,0.42424247
17/12/2021,S17,0.427689604
17/12/2021,S12,0.428781534
17/12/2021,S4,0.430916028
17/12/2021,S14,0.433421352
17/12/2021,S51,0.434003696
17/12/2021,S47,0.435083147
17/12/2021,S16,0.436150855
17/12/2021,S11,0.438943843
17/12/2021,S27,0.439063935
17/12/2021,S53,0.439361527
17/12/2021,S52,0.440625459
17/12/2021,S26,0.442368851
17/12/2021,S21,0.443091808
17/12/2021,S64,0.443201861
17/12/2021,S20,0.444102569
17/12/2021,S36,0.444173491
21/12/2021,S59,0.387205769
21/12/2021,S42,0.389075261
21/12/2021,S57,0.391015775
21/12/2021,S4,0.39405376
21/12/2021,S12,0.394626183
21/12/2021,S48,0.395833167
21/12/2021,S34,0.396943807
21/12/2021,S8,0.398166306
21/12/2021,S40,0.398790787
21/12/2021,S23,0.399610907
21/12/2021,S33,0.401807609
21/12/2021,S30,0.401853648
21/12/2021,S13,0.402360456
21/12/2021,S37,0.40247291
21/12/2021,S53,0.402483597
21/12/2021,S9,0.402924499
21/12/2021,S10,0.403481194
21/12/2021,S51,0.403697494
21/12/2021,S54,0.403712798
21/12/2021,S6,0.404395351
22/12/2021,S35,0.377867903
22/12/2021,S19,0.383428188
22/12/2021,S12,0.387022835
22/12/2021,S58,0.388891849
22/12/2021,S22,0.3895139
22/12/2021,S21,0.391794621
22/12/2021,S46,0.393219451
22/12/2021,S40,0.393472431
22/12/2021,S47,0.394567757
22/12/2021,S16,0.395019325
22/12/2021,S24,0.395277692
22/12/2021,S27,0.395901348
22/12/2021,S45,0.39686647
22/12/2021,S44,0.397049547
22/12/2021,S33,0.398273831
22/12/2021,S53,0.399635685
22/12/2021,S14,0.401944893
22/12/2021,S5,0.402187497
22/12/2021,S25,0.403407577
22/12/2021,S9,0.405070306
