Task ID,TF1,TF2,TF3,TF4,TF5,TF6,TF7,TF8,TF9,TF10,TF11,TF12,TF13,TF14,TF15,TF16,TF17,TF18,TF19,TF20,TF21,TF22,TF23,TF24,TF25,TF26,TF27,TF28,TF29,TF30,TF31,TF32,TF33,TF34,TF35,TF36,TF37,TF38,TF39,TF40,TF41,TF42,TF43,TF44,TF45,TF46,TF47,TF48,TF49,TF50,TF51,TF52,TF53,TF54,TF55,TF56,TF57,TF58,TF59,TF60,TF61,TF62,TF63,TF64,TF65,TF66,TF67,TF68,TF69,TF70,TF71,TF72,TF73,TF74,TF75,TF76,TF77,TF78,TF79,TF80,TF81,TF82,TF83,TF84,TF85,TF86,TF87,TF88,TF89,TF90,TF91,TF92,TF93,TF94,TF95,TF96,TF97,TF98,TF99,TF100,TF101,TF102,TF103,TF104,TF105,TF106,TF107,TF108,TF109,TF110,TF111,TF112,TF113,TF114,TF115,TF116
2019-05-30,706," 2,539 "," 428,536,374 ", 367.00 ,14%," 35,342,375 ",8%, 829 ,0.33," 109,388,318 ",0.26, 452 ,0.18," 65,396,430 ",0.15," 1,330.10 ",254.88,-0.020535875," 2,200 ",785.5,74.68,50.81,136," 3,151,002.75 "," 6,737,401.08 "," 59,525,227.00 "," 16,821.00 ",18.67,34.16,310,1,6.78,12.592,75,1,263," 33,098,400 ",0.1,0.08,1412," 265,032,160 ",0.56,0.62,547," 93,177,816 ",0.22,0.22,1128," 204,952,744 ",0.44,0.48, 864 ,0.34," 130,405,814 ",0.3,1675,0.66," 298,130,560 ",0.7,909,0.54," 115,163,724 ",0.39,0.46," 182,966,836 ",0.61,-12.27,41.73,2,25,-95,73.55,109.34,384,0," 4,467,444.11 "," 5,578,104.23 "," 50,151,118.00 ",0,58,158.61,157.8,513,0," 12,021,933.60 "," 12,746,133.25 "," 52,077,023.00 ",0,56.34,88.74,437,0," 4,521,989.99 "," 7,104,116.07 "," 28,731,903.00 ",0,104.77,121.68,418,0," 7,818,894.42 "," 9,836,131.71 "," 52,077,023.00 ",0,6.15,25.1,125,0," 219,407.09 "," 903,728.98 "," 10,174,793.00 ",0,801,0.315478535,26873722,0.06
2019-09-26,697," 2,199 "," 389,831,692 ", 431.00 ,20%," 20,091,114 ",5%, 460 ,0.21," 72,475,671 ",0.19, 287 ,0.13," 47,355,481 ",0.12," 1,403.06 ",227.45,-0.730364925," 2,100 ",785.5,59.52,43.0,131," 2,975,814.44 "," 6,978,691.81 "," 56,629,693.00 "," 16,821.00 ",16.79,32.68,311,1,5.35,7.276,59,1,185," 22,361,141 ",0.08,0.06,1058," 213,024,955 ",0.48,0.55,382," 72,153,889 ",0.17,0.19,861," 163,232,207 ",0.39,0.42, 956 ,0.43," 154,445,596 ",0.4,1243,0.57," 235,386,096 ",0.6,669,0.54," 88,480,909 ",0.38,0.46," 146,905,187 ",0.62,-19.68,47.65,3,27,-107,75.44,119.12,391,0," 3,803,695.75 "," 5,635,465.09 "," 43,787,544.00 ",0,58,145.84,171.58,523,0," 9,105,845.32 "," 13,252,894.13 "," 62,831,567.00 ",0,41.4,98.9,468,0," 3,030,337.83 "," 9,760,750.06 "," 54,202,324.00 ",0,101.98,133.14,396,0," 5,823,512.11 "," 7,342,792.32 "," 44,103,725.00 ",0,9.13,30.13,149,0," 467,568.10 "," 1,868,010.80 "," 19,221,510.00 ",0,723,0.328785812,20359365,0.05
2019-11-29,262," 4,156 "," 500,027,098 "," 1,510.00 ",36%," 89,708,355 ",18%," 1,010 ",0.24," 112,404,944 ",0.22, 812 ,0.2," 83,864,672 ",0.17," 1,347.16 ",216.74,-0.387523239," 2,100 ",59.5,83.9,41.62,145," 3,448,462.74 "," 7,476,379.77 "," 59,780,877.00 "," 16,821.00 ",28.66,59.78,459,1,11.53,18.209,75,1,265," 30,817,997 ",0.06,0.06,2903," 320,078,660 ",0.7,0.64,573," 88,464,362 ",0.14,0.18,2595," 262,432,295 ",0.62,0.52, 988 ,0.24," 149,130,441 ",0.3,3168,0.76," 350,896,657 ",0.7,1165,0.37," 130,647,453 ",0.37,0.63," 220,249,204 ",0.63,-10.76,39.25,3,22,-116,89.89,99.5,388,0," 5,646,614.97 "," 6,280,957.66 "," 48,805,044.00 ",0,53,187.72,159.69,526,0," 13,376,812.85 "," 12,956,837.32 "," 50,724,788.00 ",0,89.82,134.15,464,0," 7,049,851.51 "," 11,882,703.54 "," 44,325,441.00 ",0,141.46,131.19,440,0," 9,858,555.92 "," 10,064,509.99 "," 50,354,895.00 ",0,5.06,23.75,394,0," 228,358.20 "," 1,358,750.92 "," 38,657,530.00 ",0,837,0.201395573,28562699,0.06
2020-01-03,469," 4,346 "," 547,810,586 "," 1,376.00 ",32%," 90,478,530 ",17%," 1,097 ",0.25," 122,674,168 ",0.22, 834 ,0.19," 95,043,161 ",0.17," 1,345.70 ",218.69,-0.364255802," 2,100 ",757.0,83.51,40.54,144," 3,804,240.18 "," 7,891,026.04 "," 67,729,733.00 "," 16,821.00 ",30.18,55.14,311,1,9.73,14.886,75,1,328," 35,221,874 ",0.08,0.06,2930," 348,862,971 ",0.67,0.64,612," 91,773,248 ",0.14,0.17,2646," 292,311,597 ",0.61,0.53," 1,088 ",0.25," 163,725,741 ",0.3,3258,0.75," 384,084,845 ",0.7,1442,0.44," 152,921,146 ",0.4,0.56," 231,163,699 ",0.6,-11.36,39.99,3,23,-121,85.87,93.76,388,0," 5,408,929.39 "," 5,973,637.45 "," 45,018,815.00 ",0,44,181.9,144.28,527,0," 13,134,287.94 "," 11,332,584.52 "," 51,132,098.00 ",0,62.75,102.19,464,0," 5,044,834.55 "," 9,352,680.54 "," 44,732,751.00 ",0,139.55,125.03,393,0," 9,743,849.45 "," 9,122,217.84 "," 49,212,552.00 ",0,5.25,26.07,394,0," 258,487.96 "," 1,781,016.69 "," 39,064,840.00 ",0,706,0.162448228,19579305,0.04
2020-01-09,579," 4,025 "," 526,384,741 ", 991.00 ,25%," 66,444,406 ",13%, 981 ,0.24," 115,397,351 ",0.22, 709 ,0.18," 87,028,376 ",0.17," 1,352.18 ",219.0,-0.411237428," 2,100 ",757.0,81.03,40.99,141," 3,733,225.11 "," 7,855,908.41 "," 67,815,206.00 "," 16,821.00 ",28.55,50.05,311,1,8.53,13.657,75,1,321," 36,742,504 ",0.08,0.07,2611," 325,350,295 ",0.65,0.62,620," 92,689,009 ",0.15,0.18,2312," 269,403,790 ",0.57,0.51," 1,093 ",0.27," 164,291,942 ",0.31,2932,0.73," 362,092,799 ",0.69,1342,0.46," 148,178,888 ",0.41,0.54," 213,913,911 ",0.59,-13.04,41.54,3,22,-122,79.74,93.73,388,0," 5,035,638.87 "," 5,950,599.57 "," 45,143,895.00 ",0,45,163.09,140.29,527,0," 11,826,257.13 "," 10,824,459.00 "," 51,132,098.00 ",0,50.73,91.87,464,0," 4,030,893.69 "," 8,400,715.12 "," 44,732,751.00 ",0,125.71,120.0,393,0," 8,888,568.26 "," 8,799,393.25 "," 49,034,812.00 ",0,5.67,27.05,394,0," 279,102.77 "," 1,849,135.42 "," 39,064,840.00 ",0,697,0.173167702,19630017,0.04
2020-01-14,483," 4,134 "," 542,701,099 "," 1,043.00 ",25%," 72,275,310 ",13%," 1,052 ",0.25," 121,935,603 ",0.22, 759 ,0.18," 90,768,664 ",0.17," 1,344.93 ",219.38,-0.367982058," 2,100 ",757.0,81.94,40.88,147," 3,691,844.21 "," 7,806,202.74 "," 68,000,289.00 "," 16,821.00 ",28.12,50.58,311,1,8.22,12.938,75,1,330," 36,535,384 ",0.08,0.07,2700," 339,651,546 ",0.65,0.63,620," 93,642,878 ",0.15,0.17,2410," 282,544,052 ",0.58,0.52," 1,104 ",0.27," 166,514,169 ",0.31,3030,0.73," 376,186,930 ",0.69,1464,0.48," 154,201,736 ",0.41,0.52," 221,985,194 ",0.59,-13.7,41.04,1,26,-123,82.29,94.41,388,0," 5,242,579.77 "," 6,030,940.26 "," 45,589,227.00 ",0,51,171.22,142.53,527,0," 12,337,074.92 "," 10,936,000.52 "," 51,132,098.00 ",0,48.98,89.74,464,0," 3,993,817.70 "," 8,439,802.61 "," 44,732,751.00 ",0,133.25,125.76,398,0," 9,460,243.76 "," 9,168,071.85 "," 49,897,765.00 ",0,5.52,26.71,394,0," 271,743.75 "," 1,825,136.84 "," 39,064,840.00 ",0,1023,0.247460087,38925727,0.07
2020-01-15,405," 4,432 "," 562,651,626 "," 1,181.00 ",27%," 79,592,799 ",14%," 1,203 ",0.27," 133,181,872 ",0.24, 838 ,0.19," 96,480,052 ",0.17," 1,335.67 ",221.97,-0.32106082," 2,100 ",757.0,84.16,40.58,145," 3,880,356.04 "," 7,884,217.68 "," 68,102,454.00 "," 16,821.00 ",30.57,53.19,311,1,8.53,13.452,75,1,384," 43,321,871 ",0.09,0.08,2941," 353,181,754 ",0.66,0.63,712," 102,936,801 ",0.16,0.18,2613," 293,566,824 ",0.59,0.52," 1,107 ",0.25," 166,148,001 ",0.3,3325,0.75," 396,503,625 ",0.7,1638,0.49," 167,254,387 ",0.42,0.51," 229,249,238 ",0.58,-12.58,39.87,1,21,-123,84.47,93.18,388,0," 5,417,539.34 "," 6,138,289.61 "," 49,394,106.00 ",0,47,183.22,144.41,527,0," 13,394,279.69 "," 11,317,223.57 "," 51,132,098.00 ",0,55.31,93.95,464,0," 4,527,099.58 "," 8,792,403.93 "," 44,732,751.00 ",0,141.09,127.99,425,0," 10,150,910.94 "," 9,548,911.33 "," 50,362,505.00 ",0,5.15,25.83,394,0," 253,472.17 "," 1,764,008.86 "," 39,064,840.00 ",0,1064,0.240072202,43230590,0.08
2020-01-16,323," 4,710 "," 584,963,798 "," 1,319.00 ",28%," 88,050,733 ",15%," 1,319 ",0.28," 142,062,412 ",0.24, 912 ,0.19," 102,302,052 ",0.17," 1,330.00 ",222.3,-0.290645498," 2,100 ",757.0,85.57,40.07,145," 4,034,233.09 "," 7,997,346.50 "," 68,148,959.00 "," 16,821.00 ",32.48,56.32,311,1,8.92,14.156,75,1,434," 49,125,545 ",0.09,0.08,3167," 369,607,445 ",0.67,0.63,801," 110,470,549 ",0.17,0.19,2800," 308,262,441 ",0.59,0.53," 1,109 ",0.24," 166,230,808 ",0.28,3601,0.76," 418,732,990 ",0.72,1844,0.51," 181,412,930 ",0.43,0.49," 237,320,060 ",0.57,-11.65,38.86,1,21,-123,89.68,94.29,388,0," 5,746,189.92 "," 6,177,782.95 "," 46,705,957.00 ",0,48,200.01,153.24,527,0," 14,664,698.44 "," 12,058,639.25 "," 51,349,330.00 ",0,62.11,102.29,464,0," 5,188,235.70 "," 9,638,691.16 "," 44,949,983.00 ",0,153.71,135.44,467,0," 10,949,195.21 "," 9,850,583.65 "," 51,336,107.00 ",0,4.85,25.08,394,0," 239,864.39 "," 1,718,851.31 "," 39,282,072.00 ",0,1101,0.233757962,42346121,0.07
2020-01-17,680," 4,706 "," 581,148,153 "," 1,447.00 ",31%," 94,222,693 ",16%," 1,258 ",0.27," 135,723,120 ",0.23, 910 ,0.19," 101,693,202 ",0.17," 1,335.44 ",219.59,-0.310764884," 2,100 ",757.0,85.59,40.03,146," 3,980,466.80 "," 7,980,321.84 "," 68,327,748.00 "," 16,821.00 ",32.23,57.41,311,1,9.42,14.793,75,1,397," 44,396,857 ",0.08,0.08,3200," 370,698,114 ",0.68,0.64,733," 105,348,837 ",0.16,0.18,2864," 309,746,134 ",0.61,0.53," 1,109 ",0.24," 166,053,182 ",0.29,3597,0.76," 415,094,971 ",0.71,1638,0.46," 170,474,587 ",0.41,0.54," 244,620,384 ",0.59,-11.34,38.99,2,21,-123,88.71,92.47,388,0," 5,734,709.11 "," 6,335,228.06 "," 50,853,597.00 ",0,43,195.45,147.89,527,0," 14,466,757.51 "," 12,034,290.56 "," 51,826,164.00 ",0,66.86,107.31,464,0," 5,406,289.01 "," 9,916,583.41 "," 44,977,137.00 ",0,149.0,129.0,441,0," 10,810,412.69 "," 9,964,171.18 "," 51,826,164.00 ",0,4.85,25.09,394,0," 240,131.35 "," 1,720,364.07 "," 39,309,226.00 ",0,832,0.17679558,25104872,0.04
2020-01-22,419," 4,929 "," 596,936,656 "," 1,624.00 ",33%," 105,291,566 ",18%," 1,341 ",0.27," 141,507,235 ",0.24, 946 ,0.19," 102,684,093 ",0.17," 1,334.05 ",220.06,-0.317905446," 2,100 ",757.0,86.44,39.55,144," 4,145,393.44 "," 8,087,252.00 "," 68,535,923.00 "," 16,821.00 ",34.23,59.61,311,1,9.42,14.829,75,1,437," 48,106,292 ",0.09,0.08,3382," 382,319,202 ",0.69,0.64,819," 112,931,567 ",0.17,0.19,3000," 317,493,927 ",0.61,0.53," 1,110 ",0.23," 166,511,162 ",0.28,3819,0.77," 430,425,494 ",0.72,1793,0.47," 184,664,053 ",0.43,0.53," 245,761,441 ",0.57,-11.25,38.4,2,20,-124,91.3,93.85,388,0," 6,055,472.17 "," 6,847,510.25 "," 51,972,878.00 ",0,47,201.83,153.52,527,0," 15,235,812.16 "," 12,700,595.81 "," 53,611,026.00 ",0,66.3,109.06,464,0," 5,299,092.54 "," 9,598,887.86 "," 44,977,137.00 ",0,155.91,135.55,501,0," 11,528,923.79 "," 10,972,439.01 "," 53,611,026.00 ",0,4.63,24.54,394,0," 229,267.22 "," 1,681,729.69 "," 39,309,226.00 ",0,1075,0.218096977,40869647,0.07
2020-01-24,546," 5,160 "," 608,312,948 "," 1,715.00 ",33%," 112,567,304 ",19%," 1,387 ",0.27," 139,520,521 ",0.23, 992 ,0.19," 101,720,677 ",0.17," 1,332.78 ",218.57,-0.321901205," 2,100 ",757.0,87.5,39.08,146," 4,166,527.04 "," 8,189,493.74 "," 69,365,868.00 "," 16,821.00 ",35.34,63.01,316,1,9.83,15.32,75,1,447," 47,678,949 ",0.09,0.08,3628," 395,551,327 ",0.7,0.65,790," 109,036,905 ",0.15,0.18,3285," 334,193,371 ",0.64,0.55," 1,085 ",0.21," 165,082,672 ",0.27,4075,0.79," 443,230,276 ",0.73,1857,0.46," 184,961,770 ",0.42,0.54," 258,268,506 ",0.58,-10.09,37.86,3,20,-124,98.02,97.84,426,0," 6,549,356.28 "," 7,437,801.49 "," 52,861,823.00 ",0,47,215.24,160.96,541,0," 15,952,125.43 "," 13,268,230.09 "," 54,517,164.00 ",0,71.98,115.34,464,0," 5,542,700.59 "," 9,913,644.33 "," 45,004,291.00 ",0,165.93,143.83,541,0," 12,207,958.32 "," 11,842,098.98 "," 54,517,164.00 ",0,4.42,24.0,394,0," 219,035.09 "," 1,645,082.46 "," 39,336,380.00 ",0,988,0.191472868,34624364,0.06
2020-02-18,589," 5,176 "," 631,627,866 "," 1,706.00 ",33%," 121,244,555 ",19%," 1,370 ",0.26," 144,930,920 ",0.23," 1,056 ",0.2," 114,274,720 ",0.18," 1,328.44 ",218.25,-0.29360335," 2,100 ",757.0,88.71,39.47,152," 4,155,446.49 "," 8,226,471.73 "," 72,126,527.00 "," 16,821.00 ",34.05,59.54,311,1,9.03,14.193,75,1,401," 49,325,394 ",0.08,0.08,3562," 409,978,539 ",0.69,0.65,732," 109,451,420 ",0.14,0.17,3231," 349,852,513 ",0.62,0.55," 1,213 ",0.23," 172,323,933 ",0.27,3963,0.77," 459,303,933 ",0.73,1761,0.44," 185,741,759 ",0.4,0.56," 273,562,174 ",0.6,-11.3,38.91,2,22,-128,90.88,91.69,386,0," 6,549,259.84 "," 7,828,770.09 "," 62,180,786.00 ",0,42,202.7,146.72,528,0," 16,483,967.19 "," 14,019,453.48 "," 66,094,165.00 ",0,71.58,111.69,462,0," 5,996,335.30 "," 10,700,496.29 "," 46,992,879.00 ",0,149.26,126.36,478,0," 12,068,469.49 "," 12,173,166.61 "," 66,094,165.00 ",0,4.41,24.33,392,0," 222,577.44 "," 1,707,928.60 "," 38,866,491.00 ",0,974,0.188176198,43063720,0.07
2020-02-20,539," 5,760 "," 682,572,302 "," 2,136.00 ",37%," 146,115,103 ",21%," 1,575 ",0.27," 158,656,708 ",0.23," 1,236 ",0.21," 120,323,391 ",0.18," 1,320.83 ",216.85,-0.284395497," 2,100 ",41.0,90.74,38.4,154," 4,432,287.68 "," 8,833,512.73 "," 72,155,025.00 "," 16,821.00 ",37.4,66.21,356,1,9.29,14.471,75,1,440," 49,608,136 ",0.08,0.07,4073," 441,156,671 ",0.71,0.65,778," 110,631,916 ",0.14,0.16,3735," 380,132,891 ",0.65,0.56," 1,247 ",0.22," 191,807,495 ",0.28,4513,0.78," 490,764,807 ",0.72,1983,0.44," 197,847,847 ",0.4,0.56," 292,916,960 ",0.6,-9.4,37.32,3,30,-128,99.65,93.88,396,0," 7,031,201.55 "," 8,175,304.35 "," 64,120,833.00 ",0,44,230.52,163.44,545,0," 18,638,012.26 "," 15,935,706.15 "," 70,207,872.00 ",0,84.93,126.55,477,0," 7,136,285.45 "," 12,192,010.43 "," 62,993,648.00 ",0,167.35,137.38,523,0," 13,336,857.62 "," 13,081,072.20 "," 67,641,584.00 ",0,4.03,23.36,402,0," 228,856.09 "," 2,175,498.09 "," 56,661,832.00 ",0,907,0.157465278,35294724,0.05
2020-02-27,405," 5,963 "," 674,347,461 "," 2,393.00 ",40%," 151,492,816 ",22%," 1,490 ",0.25," 155,629,604 ",0.23," 1,258 ",0.21," 121,769,969 ",0.18," 1,330.09 ",211.38,-0.335881281," 2,100 ",41.0,91.05,37.8,151," 4,465,877.23 "," 8,507,737.62 "," 72,155,025.00 "," 16,821.00 ",39.49,73.18,486,1,10.05,15.484,75,1,466," 50,857,646 ",0.08,0.08,4234," 447,570,491 ",0.71,0.66,819," 114,121,206 ",0.14,0.17,3881," 384,306,931 ",0.65,0.57," 1,263 ",0.21," 175,919,324 ",0.26,4700,0.79," 498,428,137 ",0.74,1963,0.42," 199,098,036 ",0.4,0.58," 299,330,101 ",0.6,-9.46,36.93,2,29,-129,108.47,97.97,426,0," 7,565,090.84 "," 8,452,816.65 "," 68,093,254.00 ",0,49,246.04,176.53,628,0," 19,426,697.75 "," 16,208,480.67 "," 72,052,833.00 ",0,95.9,144.84,556,0," 7,610,646.55 "," 12,487,057.98 "," 50,689,679.00 ",0,179.23,145.66,561,0," 14,299,231.25 "," 14,108,064.57 "," 72,052,833.00 ",0,3.92,23.33,394,0," 205,176.55 "," 1,693,283.38 "," 39,020,925.00 ",0,984,0.165017609,42385863,0.06
2020-03-01,332," 5,123 "," 647,174,452 "," 2,111.00 ",41%," 140,069,227 ",22%," 1,438 ",0.28," 154,237,601 ",0.24," 1,216 ",0.24," 117,762,853 ",0.18," 1,299.17 ",203.39,-0.268212098," 2,100 ",41.0,100.36,25.21,143," 4,525,695.47 "," 8,379,695.47 "," 72,229,420.00 "," 21,187.00 ",35.83,65.96,397,1,10.16,15.863,75,1,468," 50,685,398 ",0.09,0.08,4009," 438,112,430 ",0.78,0.68,775," 109,480,953 ",0.15,0.17,3702," 379,316,875 ",0.72,0.59, 646 ,0.13," 158,376,624 ",0.24,4477,0.87," 488,797,828 ",0.76,1930,0.43," 197,918,864 ",0.4,0.57," 290,878,964 ",0.6,1.87,6.26,3,28,-62,91.32,79.92,419,0," 7,638,374.59 "," 8,838,286.91 "," 68,607,119.00 ",0,44,220.86,166.52,561,0," 20,338,223.87 "," 16,463,426.25 "," 73,331,323.00 ",0,85.38,130.79,494,0," 7,632,633.87 "," 12,022,807.28 "," 49,415,865.00 ",0,163.66,139.99,553,0," 15,088,047.76 "," 14,958,304.97 "," 73,331,323.00 ",0,0.57,4.06,50,0," 93,828.91 "," 759,621.99 "," 12,264,068.00 ",0,382,0.074565684,28150864,0.04
2020-03-03,529," 7,132 "," 700,169,181 "," 2,362.00 ",33%," 149,526,281 ",21%," 1,474 ",0.21," 155,655,199 ",0.22," 1,264 ",0.18," 119,950,245 ",0.17," 1,505.02 ",390.81,0.585401607," 2,200 ",41.0,69.69,50.37,146," 4,795,679.32 "," 9,312,900.70 "," 72,209,536.00 "," 6,668.00 ",48.85,112.62,1039,1,12.56,14.665,75,1,470," 50,030,880 ",0.07,0.07,3932," 434,213,355 ",0.55,0.62,793," 110,957,301 ",0.11,0.16,3609," 373,286,934 ",0.51,0.53," 2,730 ",0.38," 215,924,946 ",0.31,4402,0.62," 484,244,235 ",0.69,1889,0.43," 197,124,000 ",0.41,0.57," 287,120,235 ",0.59,2.84,5.75,3,28,-62,182.28,221.48,695,0," 8,487,029.85 "," 8,698,222.69 "," 66,713,288.00 ",0,51,357.24,362.71,1134,0," 19,814,710.92 "," 15,549,393.64 "," 71,540,084.00 ",0,244.92,366.52,1114,0," 10,575,493.30 "," 13,207,831.29 "," 45,635,766.00 ",0,261.69,267.44,988,0," 14,509,089.56 "," 13,443,310.09 "," 71,540,084.00 ",0,23.7,89.43,997,0," 640,011.29 "," 2,434,120.90 "," 29,710,103.00 ",0,371,0.052019069,22272333,0.03
2020-03-28,12," 4,122 "," 209,100,396 ", 909.00 ,22%," 50,022,680 ",24%," 1,089 ",0.26," 64,319,591 ",0.31, 683 ,0.17," 36,838,490 ",0.18," 1,514.44 ",426.82,0.426790199," 2,200 ",757.0,69.2,54.36,116," 1,802,589.62 "," 2,786,579.17 "," 20,902,535.00 "," 7,992.00 ",35.53,80.07,758,1,12.93,14.664,75,1,389," 29,668,125 ",0.09,0.14,2013," 117,631,278 ",0.49,0.56,637," 43,935,668 ",0.15,0.21,1765," 103,363,735 ",0.43,0.49," 1,720 ",0.42," 61,800,993 ",0.3,2402,0.58," 147,299,403 ",0.7,1428,0.59," 82,254,666 ",0.56,0.41," 65,044,737 ",0.44,3.09,4.43,3,24,-15,131.24,158.41,495,0," 4,955,115.63 "," 5,103,054.56 "," 16,158,324.00 ",0,22,265.13,259.28,767,0," 11,632,492.82 "," 10,161,225.44 "," 34,203,756.00 ",0,189.09,260.23,733,0," 7,407,358.13 "," 9,059,861.75 "," 24,320,464.00 ",0,190.36,189.93,681,0," 7,918,687.15 "," 6,555,008.40 "," 22,360,572.00 ",0,20.43,77.09,688,0," 615,525.03 "," 2,387,624.14 "," 22,809,936.00 ",0,349,0.084667637,15029786,0.07
2020-07-22,17," 3,512 "," 220,070,007 ", 905.00 ,26%," 60,107,392 ",27%, 874 ,0.25," 59,317,771 ",0.27, 664 ,0.19," 41,212,197 ",0.19," 1,405.35 ",349.81,0.959288599," 2,200 ",59.0,89.39,45.26,120," 1,833,916.73 "," 3,239,264.60 "," 16,490,989.00 "," 2,628.00 ",29.27,48.0,304,1,11.83,16.149,80,1,284," 22,506,800 ",0.08,0.1,2378," 163,960,048 ",0.68,0.75,483," 38,218,895 ",0.14,0.17,2179," 148,247,953 ",0.62,0.67, 850 ,0.24," 33,603,159 ",0.15,2662,0.76," 186,466,848 ",0.85,1024,0.38," 68,658,783 ",0.37,0.62," 117,808,065 ",0.63,4.82,9.32,5,475,-21,64.39,62.01,236,0," 4,298,880.96 "," 4,456,631.29 "," 22,867,016.00 ",0,27,140.93,110.49,370,0," 10,060,797.87 "," 10,091,122.29 "," 39,247,769.00 ",0,85.16,114.08,338,0," 6,193,216.45 "," 9,324,458.74 "," 37,068,811.00 ",0,103.38,83.77,313,0," 7,116,565.22 "," 7,059,073.96 "," 34,531,550.00 ",0,5.8,29.67,314,0," 257,210.46 "," 1,329,494.73 "," 13,536,737.00 ",0,312,0.088838269,14839704,0.07
2020-09-01,0," 5,792 "," 327,432,022 "," 1,619.00 ",28%," 105,875,589 ",32%," 1,097 ",0.19," 71,537,962 ",0.22, 874 ,0.15," 51,768,065 ",0.16," 1,527.26 ",396.94,0.505234449," 2,200 ",65.0,70.88,53.44,124," 2,640,580.82 "," 4,955,210.28 "," 35,757,503.00 "," 5,188.00 ",46.71,96.34,820,1,14.68,17.701,80,1,390," 34,821,718 ",0.07,0.11,3201," 222,406,761 ",0.55,0.68,681," 54,218,703 ",0.12,0.17,2910," 203,009,776 ",0.5,0.62," 2,201 ",0.38," 70,203,543 ",0.21,3591,0.62," 257,228,479 ",0.79,1432,0.4," 92,868,700 ",0.36,0.6," 164,359,779 ",0.64,3.38,4.97,3,32,-30,147.39,182.46,682,0," 6,775,492.17 "," 7,433,930.31 "," 36,767,567.00 ",0,12,285.31,289.46,921,0," 14,626,753.34 "," 13,448,381.94 "," 54,133,230.00 ",0,214.86,306.43,902,0," 10,136,116.61 "," 13,629,582.06 "," 52,238,577.00 ",0,211.37,218.16,867,0," 10,488,108.48 "," 10,218,672.60 "," 49,219,372.00 ",0,32.31,109.26,875,0," 924,983.41 "," 3,294,170.58 "," 29,172,807.00 ",0,552,0.095303867,28894396,0.09
2020-10-23,1," 6,403 "," 338,281,087 "," 1,223.00 ",19%," 66,936,748 ",20%," 1,590 ",0.25," 110,908,477 ",0.33," 1,031 ",0.16," 60,186,093 ",0.18," 1,502.41 ",411.42,0.499464726," 2,200 ",757.0,71.87,52.74,126," 2,684,770.53 "," 5,004,393.70 "," 31,109,110.00 "," 4,460.00 ",50.82,120.76,1161,1,14.0,17.518,80,0,390," 31,582,288 ",0.06,0.09,3211," 212,665,759 ",0.5,0.63,755," 56,685,441 ",0.12,0.17,2846," 187,562,606 ",0.44,0.55," 2,802 ",0.44," 94,033,040 ",0.28,3601,0.56," 244,248,047 ",0.72,1742,0.48," 117,546,641 ",0.48,0.52," 126,701,406 ",0.52,3.6,5.24,2,25,-40,184.67,231.19,797,0," 7,546,604.86 "," 7,633,955.11 "," 30,625,031.00 ",0,23,346.23,340.61,1086,0," 16,508,412.05 "," 15,715,653.13 "," 59,290,377.00 ",0,266.71,356.99,1077,0," 11,326,746.91 "," 13,331,316.32 "," 53,023,920.00 ",0,251.18,255.83,1002,0," 11,117,569.57 "," 9,497,917.25 "," 35,852,889.00 ",0,34.44,132.03,951,0," 1,017,771.13 "," 3,949,420.09 "," 29,270,056.00 ",0,852,0.133062627,30270664,0.09
2020-10-28,1," 5,836 "," 319,952,799 ", 928.00 ,16%," 54,920,336 ",17%," 1,397 ",0.24," 98,811,391 ",0.31, 942 ,0.16," 55,127,892 ",0.17," 1,516.65 ",420.35,0.464968642," 2,200 ",757.0,70.15,53.86,124," 2,580,264.51 "," 4,838,543.14 "," 31,310,810.00 "," 4,460.00 ",47.06,111.95,1065,1,14.72,18.081,80,1,348," 32,142,226 ",0.06,0.1,2907," 203,098,492 ",0.5,0.63,613," 53,523,690 ",0.11,0.17,2642," 181,717,028 ",0.45,0.57," 2,581 ",0.44," 84,712,081 ",0.26,3255,0.56," 235,240,718 ",0.74,1515,0.47," 108,669,780 ",0.46,0.53," 126,570,938 ",0.54,3.57,5.18,3,24,-29,181.17,219.37,789,0," 7,515,213.21 "," 7,560,594.51 "," 34,112,139.00 ",0,19,336.67,328.21,1101,0," 15,854,492.60 "," 14,114,292.35 "," 52,667,363.00 ",0,262.13,344.75,1057,0," 10,967,133.17 "," 12,768,049.63 "," 42,919,731.00 ",0,248.15,247.16,980,0," 11,087,085.35 "," 9,328,363.11 "," 39,506,883.00 ",0,38.28,133.55,871,0," 1,122,134.77 "," 3,947,792.96 "," 26,161,144.00 ",0,862,0.147703907,30335426,0.09
2020-10-30,1," 5,898 "," 327,142,919 "," 1,041.00 ",18%," 62,667,552 ",19%," 1,435 ",0.24," 101,236,002 ",0.31, 963 ,0.16," 58,008,786 ",0.18," 1,489.73 ",404.74,0.550063887," 2,200 ",757.0,74.06,52.22,125," 2,617,143.35 "," 4,732,036.76 "," 30,269,948.00 "," 4,460.00 ",47.18,106.03,994,1,13.92,17.886,80,1,371," 35,070,249 ",0.06,0.11,3105," 212,393,873 ",0.53,0.65,682," 59,464,209 ",0.12,0.18,2794," 187,999,913 ",0.47,0.57," 2,422 ",0.41," 79,678,797 ",0.24,3476,0.59," 247,464,122 ",0.76,1637,0.47," 116,544,359 ",0.47,0.53," 130,919,763 ",0.53,3.82,5.06,3,24,-21,149.64,169.63,613,0," 6,747,408.28 "," 6,679,972.60 "," 33,194,033.00 ",0,31,303.13,274.44,924,0," 15,585,121.19 "," 14,711,205.05 "," 56,846,958.00 ",0,222.86,289.36,878,0," 10,281,080.23 "," 12,465,200.11 "," 47,006,974.00 ",0,215.67,195.36,797,0," 10,510,700.67 "," 9,047,228.28 "," 39,011,174.00 ",0,26.07,103.36,776,0," 780,712.15 "," 3,141,173.31 "," 23,423,542.00 ",0,729,0.123601221,25159889,0.08
2021-03-15,3," 5,891 "," 536,846,595 "," 1,849.00 ",31%," 111,440,399 ",21%," 2,026.00 ",0.34," 167,512,998 ",0.31,1368,0.23," 108,984,642 ",0.2," 1,289.61 ",271.13,1.077183016," 2,200 ",750.0,106.81,29.49,155," 3,463,526.42 "," 5,165,147.37 "," 34,820,654.00 "," 17,097.00 ",38.01,69.49,433,1,11.57,20.173,87,1,446," 58,930,853 ",0.08,0.11,4628," 331,278,407 ",0.79,0.62,862," 93,157,757 ",0.15,0.17,4212," 297,051,503 ",0.71,0.55,817,0.14," 146,637,335 ",0.27,5074,0.86," 390,209,260 ",0.73,2361,0.47," 182,493,453 ",0.47,0.53," 207,715,807 ",0.53,2.78,16.12,4,41,-115,106.38,89.09,462,0," 7,564,273.44 "," 7,614,446.91 "," 40,826,096.00 ",0,57,352.88,312.62,1052,0," 30,165,402.92 "," 30,083,979.26 "," 102,345,429.00 ",0,183.67,222.4,660,0," 17,167,565.75 "," 21,786,049.99 "," 66,933,430.00 ",0,216.59,170.38,578,0," 16,742,159.69 "," 14,910,046.91 "," 55,743,709.00 ",0,2.8,13.99,114,0," 498,590.83 "," 2,757,294.02 "," 32,354,731.00 ",0,259,0.043965371,21340522,0.04
2021-03-18,3," 6,593 "," 576,091,881 "," 2,228.00 ",34%," 128,602,515 ",22%," 2,249.00 ",0.34," 181,583,901 ",0.32,1555,0.24," 116,267,817 ",0.2," 1,293.94 ",272.14,1.096330294," 2,200 ",750.0,106.84,28.67,154," 3,740,856.37 "," 5,668,392.42 "," 40,103,910.00 "," 64,284.00 ",42.81,77.4,526,1,11.66,20.345,87,1,525," 61,468,971 ",0.08,0.11,5190," 365,622,564 ",0.79,0.63,1020," 100,446,567 ",0.15,0.17,4695," 326,644,968 ",0.71,0.57,878,0.13," 149,000,346 ",0.26,5715,0.87," 427,091,535 ",0.74,2688,0.47," 201,465,585 ",0.47,0.53," 225,625,950 ",0.53,3.55,15.53,5,41,-115,117.76,98.64,512,0," 8,433,956.41 "," 8,452,602.73 "," 44,111,378.00 ",0,59,392.15,351.37,1179,0," 32,414,899.89 "," 32,733,117.00 "," 111,480,393.00 ",0,204.08,248.77,945,0," 18,426,534.71 "," 23,564,153.84 "," 84,098,420.00 ",0,241.23,191.6,637,0," 18,102,071.07 "," 16,074,843.66 "," 54,138,278.00 ",0,2.58,13.51,114,0," 457,874.22 "," 2,644,738.97 "," 32,319,826.00 ",0,604,0.091612316,33614822,0.06
2021-03-22,1," 6,083 "," 551,512,431 "," 1,843.00 ",30%," 109,815,447 ",20%," 2,214.00 ",0.36," 181,756,944 ",0.33,1487,0.24," 113,842,718 ",0.21," 1,277.18 ",263.29,1.103461282," 2,200 ",750.0,107.71,26.34,155," 3,558,144.72 "," 5,442,934.93 "," 36,169,790.00 "," 48,774.00 ",39.25,70.68,443,1,11.04,20.128,89,1,483," 59,534,460 ",0.08,0.11,4790," 346,308,397 ",0.79,0.63,982," 100,036,037 ",0.16,0.18,4291," 305,806,820 ",0.71,0.55,810,0.13," 145,669,574 ",0.26,5273,0.87," 405,842,857 ",0.74,2498,0.47," 197,091,435 ",0.49,0.53," 208,751,422 ",0.51,3.11,16.1,5,40,-116,108.33,89.94,462,0," 8,138,113.87 "," 8,218,048.20 "," 41,141,995.00 ",0,62,381.62,359.7,1188,0," 32,497,629.46 "," 33,729,417.07 "," 112,088,987.00 ",0,204.33,240.55,936,0," 18,780,214.50 "," 23,538,287.00 "," 83,460,077.00 ",0,223.42,183.77,561,0," 17,372,538.91 "," 15,979,232.42 "," 52,319,502.00 ",0,1.54,8.49,82,0," 418,054.99 "," 2,593,864.17 "," 32,369,090.00 ",0,332,0.054578333,14173470,0.03
2021-03-23,1," 6,182 "," 556,260,479 "," 1,782.00 ",29%," 104,726,156 ",19%," 2,293.00 ",0.37," 185,975,518 ",0.33,1486,0.24," 115,446,917 ",0.21," 1,275.48 ",262.05,1.035165551," 2,200 ",750.0,107.58,26.74,155," 3,588,777.28 "," 5,402,822.17 "," 33,593,821.00 "," 48,774.00 ",39.88,70.08,426,1,10.83,19.647,89,1,495," 59,769,421 ",0.08,0.11,4853," 349,468,421 ",0.79,0.63,1013," 100,906,646 ",0.16,0.18,4335," 308,331,196 ",0.7,0.55,834,0.13," 147,022,637 ",0.26,5348,0.87," 409,237,842 ",0.74,2593,0.48," 200,462,609 ",0.49,0.52," 208,775,233 ",0.51,2.45,15.98,3,40,-116,108.82,87.52,450,0," 8,116,206.84 "," 7,996,779.25 "," 40,810,163.00 ",0,65,391.31,373.02,1239,0," 32,880,883.90 "," 34,179,044.42 "," 113,541,692.00 ",0,206.6,245.9,964,0," 18,731,332.46 "," 23,656,867.22 "," 85,820,935.00 ",0,227.52,186.63,554,0," 17,594,714.25 "," 16,037,415.13 "," 53,483,664.00 ",0,2.44,12.75,141,0," 471,988.04 "," 2,660,348.76 "," 31,682,135.00 ",0,662,0.107085086,37618618,0.07
2021-03-25,1," 6,695 "," 576,374,193 "," 2,068.00 ",31%," 114,294,802 ",20%," 2,371.00 ",0.35," 188,119,092 ",0.33,1575,0.24," 119,432,412 ",0.21," 1,297.84 ",282.4,1.140973245," 2,200 ",757.0,106.08,27.35,154," 3,742,689.56 "," 5,799,207.96 "," 39,069,417.00 "," 25,586.00 ",43.47,76.13,493,1,9.99,18.908,88,1,522," 61,089,907 ",0.08,0.11,5155," 361,620,273 ",0.77,0.63,1078," 104,002,627 ",0.16,0.18,4599," 318,707,553 ",0.69,0.55,1018,0.15," 153,664,013 ",0.27,5677,0.85," 422,710,180 ",0.73,2796,0.49," 211,007,010 ",0.5,0.51," 211,703,170 ",0.5,2.86,15.54,3,40,-116,117.7,92.34,474,0," 8,839,837.30 "," 8,565,580.41 "," 43,347,728.00 ",0,60,412.33,379.37,1284,0," 34,199,159.84 "," 34,478,563.08 "," 116,003,936.00 ",0,214.86,255.17,1017,0," 19,323,675.58 "," 24,134,982.16 "," 88,437,874.00 ",0,243.12,195.31,590,0," 18,588,193.56 "," 16,520,836.87 "," 55,689,657.00 ",0,2.91,14.66,148,0," 541,219.47 "," 2,817,829.03 "," 34,288,304.00 ",0,509,0.076026886,26635360,0.05
2021-03-29,1," 6,171 "," 548,310,053 "," 1,728.00 ",28%," 93,426,594 ",17%," 2,287.00 ",0.37," 182,840,079 ",0.33,1513,0.25," 116,423,835 ",0.21," 1,276.10 ",257.05,0.951966286," 2,200 ",757.0,107.07,26.59,150," 3,655,400.35 "," 5,655,545.96 "," 40,314,572.00 "," 24,387.00 ",41.14,72.28,488,1,10.23,19.714,88,1,494," 58,738,639 ",0.08,0.11,4811," 342,815,023 ",0.78,0.63,1044," 100,666,022 ",0.17,0.18,4261," 300,887,640 ",0.69,0.55,866,0.14," 146,756,391 ",0.27,5305,0.86," 401,553,662 ",0.73,2680,0.51," 202,766,869 ",0.5,0.49," 198,786,793 ",0.5,3.07,16.23,4,39,-117,113.93,92.74,483,0," 8,480,211.83 "," 8,655,403.42 "," 45,153,385.00 ",0,64,393.49,374.13,1234,0," 32,524,544.84 "," 34,161,762.90 "," 112,518,211.00 ",0,206.85,253.38,979,0," 18,683,781.27 "," 24,263,367.03 "," 85,659,991.00 ",0,233.55,191.37,583,0," 17,897,522.54 "," 16,456,896.16 "," 53,080,435.00 ",0,2.46,12.67,147,0," 478,874.03 "," 2,664,455.23 "," 31,500,335.00 ",0,856,0.138713337,48583004,0.09
2021-04-20,1," 6,231 "," 573,773,014 "," 2,036.00 ",33%," 116,006,512 ",20%," 2,357.00 ",0.38," 190,933,121 ",0.33,1558,0.25," 125,068,556 ",0.22," 1,274.36 ",269.22,1.19418235," 2,200 ",757.0,107.98,25.91,157," 3,654,605.18 "," 5,939,432.46 "," 33,222,259.00 "," 24,229.00 ",39.69,74.05,419,1,9.48,17.589,88,1,444," 55,343,374 ",0.07,0.1,5075," 375,636,156 ",0.81,0.65,1016," 101,638,517 ",0.16,0.18,4503," 329,341,013 ",0.72,0.57,703,0.11," 142,192,373 ",0.25,5528,0.89," 431,580,641 ",0.75,2671,0.48," 205,193,264 ",0.48,0.52," 226,387,377 ",0.52,3.72,17.17,5,36,-120,117.97,85.02,402,0," 9,097,428.27 "," 7,958,787.33 "," 41,458,116.00 ",0,79,431.28,413.85,1364,0," 36,695,985.61 "," 37,367,890.54 "," 122,683,430.00 ",0,219.96,266.87,1097,0," 20,463,299.01 "," 25,702,171.89 "," 95,259,955.00 ",0,246.94,197.08,612,0," 19,552,650.75 "," 17,160,794.47 "," 57,498,120.00 ",0,2.27,12.68,151,0," 518,635.97 "," 2,913,760.69 "," 35,370,794.00 ",0,549,0.088107848,29732844,0.05
2021-04-22,1," 6,558 "," 589,399,801 "," 2,359.00 ",36%," 137,414,469 ",23%," 2,444.00 ",0.37," 196,447,076 ",0.33,1643,0.25," 128,637,747 ",0.22," 1,283.99 ",280.6,1.266039628," 2,200 ",757.0,107.61,26.38,157," 3,754,138.86 "," 6,205,753.14 "," 40,863,890.00 "," 24,229.00 ",41.77,76.87,432,1,10.02,18.68,88,1,460," 54,601,277 ",0.07,0.09,5273," 387,202,394 ",0.8,0.66,1070," 104,406,743 ",0.16,0.18,4663," 337,396,928 ",0.71,0.57,816,0.12," 146,995,019 ",0.25,5742,0.88," 442,404,782 ",0.75,2844,0.5," 212,800,435 ",0.48,0.5," 229,604,347 ",0.52,9557.53,62238.36,3,414939,-120,124.99,90.67,429,0," 9,797,726.51 "," 8,997,027.73 "," 47,034,521.00 ",0,78,447.36,431.16,1400,0," 38,128,268.53 "," 38,843,234.77 "," 125,257,270.00 ",0,228.12,281.74,1149,0," 21,502,605.29 "," 27,167,124.18 "," 98,265,381.00 ",0,260.71,210.23,660,0," 20,657,653.23 "," 18,439,316.21 "," 62,619,189.00 ",0,2.59,15.09,194,0," 552,453.75 "," 2,992,551.63 "," 36,900,442.00 ",0,236,0.035986581,13026695,0.02
2021-04-28,1," 6,399 "," 595,659,167 "," 2,365.00 ",37%," 147,463,962 ",25%," 2,401.00 ",0.38," 193,533,235 ",0.32,1623,0.25," 130,061,763 ",0.22," 1,274.89 ",266.84,1.190401965," 2,200 ",757.0,108.35,25.91,158," 3,769,994.73 "," 6,166,417.11 "," 42,682,639.00 "," 53,567.00 ",40.5,73.62,447,1,10.14,18.884,88,1,493," 55,607,925 ",0.08,0.09,5124," 392,707,149 ",0.8,0.66,1045," 102,550,306 ",0.16,0.17,4572," 345,764,768 ",0.71,0.58,781,0.12," 146,944,133 ",0.25,5618,0.88," 448,715,034 ",0.75,2753,0.49," 209,452,933 ",0.47,0.51," 239,262,101 ",0.53,6487.85,51467.99,3,414938,-121,123.11,95.86,433,0," 9,849,977.47 "," 9,420,964.97 "," 47,553,460.00 ",0,71,444.08,425.38,1372,0," 37,970,443.23 "," 37,692,589.44 "," 123,869,629.00 ",0,231.95,280.04,1204,0," 21,732,959.89 "," 27,057,649.33 "," 99,766,767.00 ",0,255.74,209.3,672,0," 20,591,000.04 "," 18,469,766.60 "," 63,391,972.00 ",0,1.91,10.8,122,0," 471,439.63 "," 2,809,201.17 "," 34,519,517.00 ",0,260,0.040631349,11474100,0.02
2021-05-05,1," 6,404 "," 608,631,219 "," 2,183.00 ",34%," 131,370,995 ",22%," 2,321.00 ",0.36," 191,787,331 ",0.32,1607,0.25," 126,413,588 ",0.21," 1,291.84 ",289.12,1.281632139," 2,200 ",785.5,107.11,26.93,159," 3,827,869.30 "," 6,214,226.83 "," 37,365,119.00 "," 53,567.00 ",40.28,71.12,410,1,9.72,18.258,88,1,477," 53,248,523 ",0.07,0.09,5022," 387,676,258 ",0.78,0.64,1035," 100,536,426 ",0.16,0.17,4464," 340,388,355 ",0.7,0.56,904,0.14," 167,306,478 ",0.27,5500,0.86," 441,324,741 ",0.73,2635,0.48," 204,160,960 ",0.46,0.52," 237,163,781 ",0.54,4.32,17.26,6,34,-122,117.57,91.27,455,0," 9,510,923.92 "," 8,802,003.23 "," 46,323,626.00 ",0,74,430.32,407.02,1345,0," 37,923,486.96 "," 37,240,816.09 "," 122,160,386.00 ",0,225.24,274.39,1170,0," 21,429,201.74 "," 26,569,376.39 "," 97,730,953.00 ",0,252.94,203.96,638,0," 20,454,158.57 "," 17,912,638.46 "," 62,363,768.00 ",0,3.09,16.89,189,0," 652,623.07 "," 3,338,909.58 "," 38,721,718.00 ",0,223,0.034821986,8709491,0.01
2021-05-13,2," 6,968 "," 637,300,998 "," 2,533.00 ",36%," 147,754,513 ",23%," 2,316.00 ",0.33," 187,052,118 ",0.29,1640,0.24," 125,338,710 ",0.2," 1,300.79 ",272.91,1.134367466," 2,200 ",785.5,106.02,27.29,160," 3,983,131.24 "," 6,821,431.73 "," 45,647,009.00 "," 22,790.00 ",43.55,81.76,551,1,10.65,19.326,88,1,504," 53,189,945 ",0.07,0.08,5493," 410,089,643 ",0.79,0.64,1064," 98,538,812 ",0.15,0.15,4933," 364,740,776 ",0.71,0.57,970,0.14," 173,621,450 ",0.27,5998,0.86," 463,679,548 ",0.73,2707,0.45," 204,337,729 ",0.44,0.55," 259,341,819 ",0.56,18393.86,79182.24,4000,414936,0,131.66,107.02,559,0," 10,547,584.51 "," 10,282,260.30 "," 53,418,039.00 ",0,66,421.6,369.3,1258,0," 36,677,667.93 "," 34,426,285.57 "," 114,111,333.00 ",0,218.3,264.49,1006,0," 20,537,074.95 "," 25,785,373.07 "," 88,051,419.00 ",0,263.0,205.42,688,0," 21,071,051.61 "," 18,161,247.12 "," 69,131,649.00 ",0,3.75,18.99,203,0," 704,170.45 "," 3,452,265.47 "," 41,083,092.00 ",0,179,0.025688863,9242451,0.01
2021-05-20,3," 6,557 "," 623,508,278 "," 2,435.00 ",37%," 144,127,403 ",23%," 2,213.00 ",0.34," 181,151,695 ",0.29,1483,0.23," 117,703,383 ",0.19," 1,292.70 ",262.69,1.0576597," 2,200 ",785.5,106.91,26.39,162," 3,848,816.53 "," 6,603,639.69 "," 50,472,597.00 "," 16,551.00 ",40.48,80.31,606,1,11.52,20.459,88,1,486," 49,887,735 ",0.07,0.08,5246," 404,186,930 ",0.8,0.65,1020," 96,036,551 ",0.16,0.15,4712," 358,038,114 ",0.72,0.57,824,0.13," 169,033,653 ",0.27,5733,0.87," 454,474,625 ",0.73,2579,0.45," 198,692,622 ",0.44,0.55," 255,782,003 ",0.56,22304.67,88376.02,4000,414935,0,132.38,113.1,569,0," 10,937,169.97 "," 11,156,543.42 "," 57,471,163.00 ",0,76,416.43,356.11,1178,0," 36,614,316.31 "," 33,571,823.54 "," 108,000,524.00 ",0,218.91,259.32,955,0," 21,046,770.81 "," 26,047,861.28 "," 87,419,637.00 ",0,262.46,204.86,707,0," 21,417,868.89 "," 18,627,217.66 "," 73,492,850.00 ",0,2.33,13.0,152,0," 570,686.68 "," 3,216,443.09 "," 38,333,149.00 ",0,282,0.043007473,12307220,0.02
2021-05-24,2," 5,943 "," 590,561,193 "," 2,202.00 ",37%," 132,916,910 ",23%," 1,896.00 ",0.32," 162,442,724 ",0.28,1330,0.22," 108,926,617 ",0.18," 1,300.02 ",266.14,1.099460949," 2,200 ",785.5,107.03,26.28,165," 3,579,158.75 "," 6,063,861.77 "," 41,844,404.00 "," 21,488.00 ",36.02,72.88,512,1,11.11,19.58,88,1,452," 47,330,408 ",0.08,0.08,4807," 377,416,045 ",0.81,0.64,869," 83,927,957 ",0.15,0.14,4390," 340,818,496 ",0.74,0.58,683,0.11," 165,414,780 ",0.28,5260,0.89," 425,146,413 ",0.72,2314,0.44," 182,099,389 ",0.43,0.56," 243,047,024 ",0.57,25740.02,95149.42,4000,414934,0,121.19,101.19,503,0," 10,065,831.14 "," 9,703,279.46 "," 49,920,822.00 ",0,75,372.16,308.14,1016,0," 33,557,167.96 "," 30,303,121.12 "," 99,350,385.00 ",0,189.7,226.79,751,0," 18,783,686.79 "," 23,345,942.61 "," 78,908,989.00 ",0,239.57,181.38,623,0," 19,795,302.29 "," 16,715,651.72 "," 65,649,064.00 ",0,2.21,12.08,119,0," 571,973.15 "," 3,279,942.21 "," 37,619,418.00 ",0,623,0.104829211,32935409,0.06
2021-05-31,3," 5,511 "," 561,787,632 "," 1,911.00 ",35%," 119,269,939 ",21%," 1,751.00 ",0.32," 151,327,962 ",0.27,1236,0.22," 104,403,782 ",0.19," 1,301.18 ",255.43,0.870921396," 2,200 ",785.5,106.3,27.19,163," 3,446,549.89 "," 5,655,250.89 "," 34,108,099.00 "," 20,408.00 ",33.81,67.09,464,1,10.51,18.663,88,1,335," 40,590,030 ",0.06,0.07,4453," 355,076,804 ",0.81,0.63,702," 73,498,038 ",0.13,0.13,4086," 322,168,796 ",0.74,0.57,722,0.13," 165,720,838 ",0.29,4789,0.87," 396,066,794 ",0.71,2026,0.42," 165,092,166 ",0.42,0.58," 230,974,628 ",0.58,4632.96,27198.48,4000,414933,0,104.44,79.71,408,0," 8,540,419.47 "," 7,373,150.52 "," 37,059,534.00 ",0,81,334.31,281.03,953,0," 30,095,052.10 "," 26,720,083.65 "," 91,276,909.00 ",0,170.97,196.67,623,0," 16,636,115.26 "," 19,710,362.98 "," 64,927,892.00 ",0,206.84,152.63,510,0," 16,925,018.92 "," 13,489,336.47 "," 50,628,000.00 ",0,2.8,14.7,165,0," 641,062.66 "," 3,409,946.06 "," 36,111,700.00 ",0,400,0.072582109,18718911,0.03
2021-06-14,2," 5,572 "," 575,081,011 "," 1,831.00 ",33%," 119,868,715 ",21%," 1,761.00 ",0.32," 150,656,381 ",0.26,1198,0.22," 105,316,830 ",0.18," 1,321.73 ",297.59,1.084194867," 2,200 ",757.0,105.35,27.79,159," 3,616,861.70 "," 5,646,108.22 "," 34,533,500.00 "," 24,228.00 ",35.04,66.16,461,1,10.36,18.904,88,1,382," 44,343,163 ",0.07,0.08,4332," 349,919,984 ",0.78,0.61,791," 82,664,915 ",0.14,0.14,3923," 311,598,232 ",0.7,0.54,857,0.15," 180,417,904 ",0.31,4715,0.85," 394,663,107 ",0.69,1963,0.42," 157,206,732 ",0.4,0.58," 237,456,375 ",0.6,5738.74,34404.46,4000,414931,0,101.95,79.48,419,0," 8,621,584.23 "," 7,533,122.62 "," 39,516,690.00 ",0,79,334.55,281.2,965,0," 31,187,589.65 "," 26,853,123.75 "," 91,773,155.00 ",0,175.73,201.47,834,0," 17,219,816.07 "," 20,050,723.09 "," 68,538,084.00 ",0,203.22,149.24,521,0," 17,461,448.02 "," 13,625,035.30 "," 55,396,432.00 ",0,4.21,21.16,222,0," 947,208.45 "," 4,614,417.10 "," 46,857,524.00 ",0,308,0.055276382,15437626,0.03
2021-06-17,2," 6,022 "," 588,421,985 "," 2,220.00 ",37%," 140,406,985 ",24%," 1,933.00 ",0.32," 157,252,438 ",0.27,1335,0.22," 109,960,524 ",0.19," 1,308.30 ",284.46,1.125612604," 2,200 ",757.0,106.91,26.55,159," 3,700,767.20 "," 5,796,505.09 "," 40,526,030.00 "," 24,228.00 ",37.87,75.31,589,1,11.4,20.345,88,1,438," 45,799,414 ",0.07,0.08,4789," 364,562,399 ",0.8,0.62,878," 85,040,101 ",0.15,0.14,4349," 325,321,712 ",0.72,0.55,794,0.13," 177,660,212 ",0.3,5228,0.87," 410,761,773 ",0.7,2145,0.41," 162,301,565 ",0.4,0.59," 248,460,208 ",0.6,17893.63,78250.23,4000,414931,0,120.86,101.72,501,0," 9,371,504.64 "," 8,215,695.18 "," 42,494,282.00 ",0,83,395.07,336.38,1107,0," 33,913,854.63 "," 29,028,990.38 "," 94,540,459.00 ",0,215.03,240.3,970,0," 19,320,084.27 "," 21,758,466.31 "," 73,897,761.00 ",0,241.2,183.7,635,0," 19,211,399.93 "," 15,015,622.97 "," 58,943,501.00 ",0,3.23,17.72,208,0," 781,345.24 "," 4,117,146.90 "," 46,059,833.00 ",0,150,0.024908668,6406445,0.01
2021-06-21,2," 5,610 "," 568,254,242 "," 2,036.00 ",36%," 128,982,219 ",23%," 1,817.00 ",0.32," 151,298,708 ",0.27,1226,0.22," 105,595,515 ",0.19," 1,305.13 ",281.56,1.091915466," 2,200 ",757.0,107.17,26.7,159," 3,573,926.05 "," 5,545,933.15 "," 38,498,782.00 "," 20,612.00 ",35.28,69.84,557,1,11.56,20.511,88,1,400," 42,501,358 ",0.07,0.07,4469," 350,551,061 ",0.8,0.62,830," 82,122,781 ",0.15,0.14,4039," 310,929,638 ",0.72,0.55,740,0.13," 174,801,863 ",0.31,4870,0.87," 393,452,379 ",0.69,2006,0.41," 155,113,736 ",0.39,0.59," 238,338,643 ",0.61,4215.43,24638.74,4000,414930,0,112.98,97.29,482,0," 8,887,625.92 "," 7,837,638.21 "," 41,070,170.00 ",0,79,369.61,316.94,1044,0," 32,467,093.97 "," 27,846,913.86 "," 90,661,574.00 ",0,202.67,226.82,807,0," 18,579,168.94 "," 20,812,377.99 "," 68,632,872.00 ",0,226.0,174.33,601,0," 18,286,943.60 "," 14,230,625.44 "," 56,126,333.00 ",0,2.76,14.7,165,0," 723,823.33 "," 3,905,988.10 "," 43,578,892.00 ",0,494,0.088057041,23088323,0.04
2021-06-24,1," 7,154 "," 647,686,309 "," 3,108.00 ",43%," 180,043,058 ",28%," 2,241.00 ",0.31," 172,247,135 ",0.27,1565,0.22," 120,476,703 ",0.19," 1,321.30 ",295.72,1.058594258," 2,200 ",64.5,106.04,27.06,161," 4,022,896.33 "," 6,591,557.63 "," 51,372,564.00 "," 24,228.00 ",44.43,96.68,882,1,12.3,20.906,88,1,500," 46,915,840 ",0.07,0.07,5521," 402,826,405 ",0.77,0.62,973," 88,355,581 ",0.14,0.14,5048," 361,386,664 ",0.71,0.56,1133,0.16," 197,944,064 ",0.31,6021,0.84," 449,742,245 ",0.69,2220,0.37," 166,299,719 ",0.37,0.63," 283,442,526 ",0.63,18436.7,79002.15,4000,414930,0,149.58,135.63,609,0," 10,468,542.46 "," 9,319,535.90 "," 47,489,102.00 ",0,76,451.22,377.29,1209,0," 36,757,744.12 "," 30,791,963.59 "," 98,247,508.00 ",0,258.14,291.48,1044,0," 21,610,384.15 "," 24,040,084.21 "," 79,317,579.00 ",0,279.12,222.19,783,0," 20,807,484.51 "," 16,437,660.49 "," 65,632,591.00 ",0,4.06,21.57,242,0," 846,108.04 "," 4,170,146.26 "," 47,405,167.00 ",0,217,0.030332681,11968940,0.02
2021-06-30,1," 6,582 "," 619,027,242 "," 2,802.00 ",43%," 164,269,236 ",27%," 2,170.00 ",0.33," 168,459,824 ",0.27,1408,0.21," 109,050,112 ",0.18," 1,302.42 ",276.65,0.927371482," 2,200 ",64.5,107.33,26.34,162," 3,821,155.81 "," 6,372,631.01 "," 50,075,454.00 "," 23,948.00 ",40.63,89.64,792,1,12.43,21.091,88,1,459," 44,068,583 ",0.07,0.07,5195," 384,786,778 ",0.79,0.62,914," 84,583,783 ",0.14,0.14,4740," 344,271,578 ",0.72,0.56,928,0.14," 190,171,881 ",0.31,5654,0.86," 428,855,361 ",0.69,2134,0.38," 161,518,417 ",0.38,0.62," 267,336,944 ",0.62,6819.0,42053.35,4000,414929,0,145.65,128.25,574,0," 10,476,947.53 "," 9,439,044.38 "," 47,044,599.00 ",0,79,451.07,380.78,1229,0," 36,771,923.12 "," 30,819,497.65 "," 98,844,702.00 ",0,259.63,287.87,1063,0," 21,775,755.99 "," 24,043,299.51 "," 80,007,305.00 ",0,275.17,214.28,721,0," 20,823,698.38 "," 16,445,801.99 "," 64,961,691.00 ",0,2.97,15.51,170,0," 700,458.40 "," 3,862,610.00 "," 43,160,444.00 ",0,196,0.029778183,8487431,0.01
2021-07-15,1," 7,077 "," 732,315,744 "," 3,109.00 ",44%," 185,001,012 ",25%," 2,147.00 ",0.3," 174,635,122 ",0.24,1491,0.21," 117,648,498 ",0.16," 1,311.04 ",271.87,0.991118963," 2,200 ",757.0,107.42,25.61,166," 4,411,540.63 "," 8,249,603.85 "," 63,713,403.00 "," 45,580.00 ",42.63,101.08,937,1,13.2,22.36,88,1,465," 44,405,336 ",0.07,0.06,5716," 491,978,707 ",0.81,0.67,979," 91,059,773 ",0.14,0.12,5202," 445,324,270 ",0.74,0.61,896,0.13," 195,931,701 ",0.27,6181,0.87," 536,384,043 ",0.73,2179,0.35," 169,682,645 ",0.32,0.65," 366,701,398 ",0.68,15888.23,70822.8,4000,414927,0,169.3,158.71,706,0," 12,755,417.80 "," 12,305,614.98 "," 60,537,726.00 ",0,86,471.78,387.56,1194,0," 45,952,164.24 "," 44,712,626.00 "," 158,694,593.00 ",0,273.57,307.82,1025,0," 24,589,714.21 "," 29,942,509.43 "," 135,365,057.00 ",0,303.31,244.38,871,0," 29,310,250.90 "," 32,161,582.94 "," 125,533,983.00 ",0,2.27,13.32,164,0," 624,676.32 "," 3,758,023.30 "," 46,637,495.00 ",0,428,0.060477604,22163732,0.03
2021-07-19,1," 7,193 "," 769,905,777 "," 3,133.00 ",44%," 182,439,893 ",24%," 2,061.00 ",0.29," 169,743,460 ",0.22,1470,0.2," 116,690,643 ",0.15," 1,331.02 ",288.26,1.057077521," 2,200 ",757.0,105.38,26.93,165," 4,666,095.62 "," 8,361,447.06 "," 60,481,482.00 "," 20,528.00 ",43.59,98.84,886,1,12.43,21.549,88,1,479," 53,187,181 ",0.07,0.07,5663," 492,357,989 ",0.79,0.64,976," 95,865,425 ",0.14,0.12,5166," 449,679,745 ",0.72,0.58,1051,0.15," 224,360,607 ",0.29,6142,0.85," 545,545,170 ",0.71,2190,0.36," 183,674,914 ",0.34,0.64," 361,870,256 ",0.66,5803.29,35964.45,4000,414926,0,158.17,146.3,656,0," 12,512,919.19 "," 11,635,532.46 "," 57,095,157.00 ",0,85,440.64,357.09,1107,0," 44,481,248.48 "," 41,809,024.04 "," 154,281,947.00 ",0,249.25,286.95,967,0," 23,370,016.73 "," 28,597,619.95 "," 127,277,291.00 ",0,281.35,221.8,806,0," 27,796,178.81 "," 29,027,534.76 "," 117,632,370.00 ",0,3.73,20.84,271,0," 925,769.49 "," 4,789,167.82 "," 53,490,521.00 ",0,1028,0.142916725,49969391,0.06
2021-07-22,1," 7,295 "," 756,583,604 "," 3,344.00 ",46%," 190,686,622 ",25%," 1,991.00 ",0.27," 164,750,236 ",0.22,1518,0.21," 117,837,679 ",0.16," 1,321.52 ",259.38,0.897465772," 2,200 ",757.0,105.61,25.9,165," 4,585,355.18 "," 8,200,772.45 "," 64,076,906.00 "," 45,580.00 ",44.21,104.21,936,1,12.84,22.022,88,1,473," 53,405,153 ",0.06,0.07,5853," 482,923,245 ",0.8,0.64,938," 93,604,121 ",0.13,0.12,5388," 442,724,277 ",0.74,0.59,969,0.13," 220,255,206 ",0.29,6326,0.87," 536,328,398 ",0.71,2157,0.34," 179,808,117 ",0.34,0.66," 356,520,281 ",0.66,9281.79,50916.05,4000,414926,0,165.27,157.22,691,0," 12,621,452.28 "," 12,275,516.56 "," 59,458,949.00 ",0,84,418.44,336.88,1095,0," 40,436,205.76 "," 38,195,789.63 "," 143,143,252.00 ",0,235.75,286.4,997,0," 21,813,939.33 "," 27,963,940.03 "," 116,307,168.00 ",0,279.34,226.85,838,0," 25,932,603.08 "," 26,529,999.29 "," 106,835,346.00 ",0,2.62,14.35,155,0," 719,306.15 "," 4,291,204.24 "," 47,657,313.00 ",0,422,0.057847841,22214244,0.03
2021-08-30,1," 7,908 "," 413,456,435 "," 2,793.00 ",35%," 163,269,349 ",39%," 1,526.00 ",0.19," 107,529,521 ",0.26,1180,0.15," 74,576,967 ",0.18," 1,513.31 ",397.88,0.571136422," 2,200 ",785.5,74.99,53.14,140," 2,953,260.25 "," 6,758,149.99 "," 57,898,376.00 "," 2,810.00 ",56.49,145.87,1267,1,16.37,23.595,96,1,405," 34,094,120 ",0.05,0.08,4564," 300,888,946 ",0.58,0.73,731," 56,781,198 ",0.09,0.14,4238," 278,201,868 ",0.54,0.67,2939,0.37," 78,473,369 ",0.19,4969,0.63," 334,983,066 ",0.81,1770,0.36," 117,987,599 ",0.35,0.64," 216,995,467 ",0.65,3498.77,24607.19,4000,414920,-55,248.71,261.78,849,0," 10,681,701.81 "," 11,068,273.64 "," 52,976,762.00 ",0,26,492.55,413.64,1344,0," 24,191,794.06 "," 21,165,475.47 "," 80,066,591.00 ",0,361.55,407.74,1290,0," 16,533,821.02 "," 19,074,483.69 "," 71,378,506.00 ",0,398.08,388.07,1281,0," 17,870,114.69 "," 15,409,714.27 "," 67,402,793.00 ",0,166.08,334.9,1244,0," 3,705,797.82 "," 7,536,402.91 "," 30,525,632.00 ",0,242,0.030601922,15802900,0.04
2021-09-09,1," 6,001 "," 611,544,190 "," 3,011.00 ",50%," 172,133,281 ",28%," 1,543.00 ",0.26," 128,892,996 ",0.21,1168,0.19," 87,134,014 ",0.14," 1,348.20 ",285.44,1.093163045," 2,200 ",800.0,104.05,29.94,166," 3,684,001.14 "," 6,947,582.08 "," 71,564,049.00 "," 28,260.00 ",36.15,89.85,918,1,15.95,27.547,96,1,455," 49,343,557 ",0.08,0.08,4617," 353,389,800 ",0.77,0.58,766," 81,007,814 ",0.13,0.13,4306," 321,725,543 ",0.72,0.53,929,0.15," 208,810,833 ",0.34,5072,0.85," 402,733,357 ",0.66,1763,0.35," 152,843,560 ",0.38,0.65," 249,889,797 ",0.62,6881.4,40702.96,4000,414919,0,155.99,169.57,687,0," 12,430,666.49 "," 15,195,040.62 "," 54,877,148.00 ",0,80,375.69,310.3,1015,0," 33,655,032.99 "," 30,111,402.34 "," 103,682,483.00 ",0,223.58,277.23,964,0," 19,548,526.35 "," 24,420,210.62 "," 93,340,191.00 ",0,259.75,230.71,788,0," 21,631,552.02 "," 21,040,386.81 "," 74,586,091.00 ",0,3.77,20.23,241,0," 964,557.16 "," 4,730,908.44 "," 50,831,711.00 ",0,293,0.048825196,12125999,0.02
2021-09-14,1," 5,317 "," 571,349,448 "," 2,415.00 ",45%," 146,357,870 ",26%," 1,433.00 ",0.27," 119,656,911 ",0.21,851,0.16," 71,771,475 ",0.13," 1,364.31 ",314.99,0.938811436," 2,200 ",800.0,101.96,32.39,167," 3,421,254.18 "," 5,888,425.68 "," 57,069,286.00 "," 19,766.00 ",31.84,70.3,688,1,14.27,25.979,96,1,457," 50,590,296 ",0.09,0.09,3853," 307,409,033 ",0.72,0.54,753," 81,328,723 ",0.14,0.14,3557," 276,670,606 ",0.67,0.48,1007,0.19," 213,350,119 ",0.37,4310,0.81," 357,999,329 ",0.63,1708,0.4," 146,912,462 ",0.41,0.6," 211,086,867 ",0.59,4351.95,26534.13,4000,414918,0,120.72,122.43,505,0," 9,928,419.10 "," 11,512,104.53 "," 43,847,267.00 ",0,88,310.67,247.1,749,0," 29,486,012.33 "," 25,659,429.86 "," 83,158,644.00 ",0,169.4,206.54,709,0," 15,792,591.69 "," 19,160,116.05 "," 74,730,041.00 ",0,208.45,170.46,578,0," 18,057,102.56 "," 16,740,757.74 "," 59,608,381.00 ",0,5.89,26.34,250,0," 1,316,266.28 "," 5,617,109.92 "," 51,636,417.00 ",0,410,0.077111153,20311710,0.04
2021-09-17,1," 5,162 "," 568,039,853 "," 2,465.00 ",48%," 147,553,289 ",26%," 1,379.00 ",0.27," 118,590,989 ",0.21,858,0.17," 71,425,991 ",0.13," 1,354.32 ",300.58,0.918757345," 2,200 ",800.0,102.76,29.33,167," 3,401,436.25 "," 5,934,466.91 "," 59,308,117.00 "," 19,766.00 ",30.91,69.86,699,1,14.65,26.551,96,1,476," 51,936,770 ",0.09,0.09,3763," 302,831,584 ",0.73,0.53,765," 82,960,086 ",0.15,0.15,3474," 271,808,268 ",0.67,0.48,923,0.18," 213,271,499 ",0.38,4239,0.82," 354,768,354 ",0.62,1618,0.38," 142,714,212 ",0.4,0.62," 212,054,142 ",0.6,7479.89,43852.82,4000,414918,0,121.09,129.45,515,0," 10,239,683.18 "," 12,620,287.41 "," 46,679,694.00 ",0,89,302.11,248.17,771,0," 28,655,690.44 "," 26,001,518.84 "," 87,183,800.00 ",0,171.24,212.98,729,0," 15,878,677.30 "," 20,200,425.67 "," 77,253,704.00 ",0,204.63,175.87,595,0," 18,001,914.93 "," 17,684,930.58 "," 62,284,274.00 ",0,3.71,17.65,184,0," 1,021,744.83 "," 4,988,583.63 "," 51,402,149.00 ",0,123,0.023827974,5090499,0.01
2021-09-20,1," 4,851 "," 545,932,860 "," 2,229.00 ",46%," 135,381,964 ",25%," 1,304.00 ",0.27," 111,135,863 ",0.2,806,0.17," 66,539,522 ",0.12," 1,364.46 ",320.39,0.963595589," 2,200 ",800.0,101.77,30.14,164," 3,328,858.90 "," 5,698,579.55 "," 56,430,200.00 "," 26,020.00 ",29.58,65.27,655,1,14.6,26.814,96,1,419," 47,691,340 ",0.09,0.09,3437," 282,547,499 ",0.71,0.52,693," 76,822,796 ",0.14,0.14,3163," 253,416,043 ",0.65,0.46,995,0.21," 215,694,021 ",0.4,3856,0.79," 330,238,839 ",0.6,1465,0.38," 133,069,823 ",0.4,0.62," 197,169,016 ",0.6,5162.91,30132.96,4000,414917,0,113.39,125.78,507,0," 9,971,595.09 "," 12,612,414.24 "," 45,681,384.00 ",0,92,284.97,236.86,747,0," 28,596,860.53 "," 26,441,877.47 "," 84,667,256.00 ",0,166.14,206.2,704,0," 16,062,161.62 "," 20,135,188.57 "," 75,030,335.00 ",0,188.48,168.96,578,0," 17,412,127.79 "," 17,756,508.69 "," 60,448,871.00 ",0,4.7,21.98,235,0," 1,205,829.07 "," 5,370,300.49 "," 53,447,590.00 ",0,287,0.059163059,14821747,0.03
2021-09-21,1," 4,673 "," 533,449,956 "," 2,126.00 ",45%," 129,312,021 ",24%," 1,240.00 ",0.27," 106,724,812 ",0.2,766,0.16," 63,285,138 ",0.12," 1,362.35 ",312.38,0.907880439," 2,200 ",800.0,101.19,30.71,166," 3,213,553.95 "," 5,528,158.46 "," 54,909,116.00 "," 19,295.00 ",28.15,61.01,615,1,14.32,26.508,96,1,390," 44,891,159 ",0.08,0.08,3285," 273,682,700 ",0.7,0.51,658," 73,158,687 ",0.14,0.14,3017," 245,415,172 ",0.65,0.46,998,0.21," 214,876,097 ",0.4,3675,0.79," 318,573,859 ",0.6,1433,0.39," 130,733,203 ",0.41,0.61," 187,840,656 ",0.59,11846.15,59635.2,4000,414917,0,108.7,120.19,478,0," 9,694,321.91 "," 12,356,003.42 "," 44,708,183.00 ",0,93,273.93,230.3,718,0," 27,746,152.76 "," 25,745,811.35 "," 81,972,097.00 ",0,156.4,198.37,679,0," 15,328,563.24 "," 19,618,224.74 "," 73,450,961.00 ",0,182.67,163.71,560,0," 17,088,521.04 "," 17,417,972.37 "," 58,877,458.00 ",0,6.06,23.9,205,0," 1,284,995.49 "," 5,398,855.71 "," 52,360,829.00 ",0,194,0.041515087,8871095,0.02
2021-09-22,1," 4,492 "," 521,918,512 "," 2,080.00 ",46%," 123,489,343 ",24%," 1,160.00 ",0.26," 103,225,592 ",0.2,744,0.17," 61,579,278 ",0.12," 1,365.99 ",313.26,0.934172595," 2,200 ",800.0,101.4,30.35,167," 3,125,260.55 "," 5,440,441.37 "," 54,060,496.00 "," 15,509.00 ",26.9,60.3,610,1,14.77,26.99,96,1,380," 44,740,713 ",0.08,0.09,3201," 265,755,625 ",0.71,0.51,608," 70,630,143 ",0.14,0.14,2973," 239,866,195 ",0.66,0.46,911,0.2," 211,422,174 ",0.41,3581,0.8," 310,496,338 ",0.59,1388,0.39," 128,262,140 ",0.41,0.61," 182,234,198 ",0.59,5956.28,36810.98,4000,414917,0,108.28,120.83,476,0," 9,667,018.88 "," 12,366,778.83 "," 44,151,028.00 ",0,93,266.85,223.7,707,0," 27,133,952.78 "," 25,373,984.20 "," 78,926,157.00 ",0,154.57,197.54,667,0," 15,077,528.78 "," 19,197,160.73 "," 70,311,335.00 ",0,180.21,162.61,549,0," 16,863,103.20 "," 17,422,578.73 "," 58,160,611.00 ",0,4.54,20.3,206,0," 1,212,189.13 "," 5,388,322.54 "," 52,433,243.00 ",0,196,0.043633126,9100654,0.02
2021-09-23,1," 4,501 "," 522,954,848 "," 2,080.00 ",46%," 121,614,285 ",23%," 1,203.00 ",0.27," 108,468,808 ",0.21,745,0.17," 61,962,026 ",0.12," 1,363.87 ",320.7,0.989015641," 2,200 ",800.0,101.6,30.38,165," 3,169,423.32 "," 5,394,139.65 "," 53,368,614.00 "," 19,295.00 ",27.28,59.72,592,1,14.41,26.524,96,1,401," 47,983,600 ",0.09,0.09,3196," 263,398,081 ",0.71,0.5,636," 73,322,531 ",0.14,0.14,2961," 238,059,150 ",0.66,0.46,904,0.2," 211,573,167 ",0.4,3597,0.8," 311,381,681 ",0.6,1414,0.39," 131,724,680 ",0.42,0.61," 179,657,001 ",0.58,3736.65,20438.96,4000,414917,0,106.71,113.22,447,0," 9,508,438.74 "," 11,887,402.37 "," 43,112,092.00 ",0,91,268.51,215.92,678,0," 27,809,104.56 "," 25,647,217.19 "," 77,303,458.00 ",0,149.62,188.17,644,0," 14,997,461.51 "," 18,585,800.39 "," 67,907,292.00 ",0,179.62,152.94,521,0," 17,103,671.49 "," 17,138,557.81 "," 56,800,289.00 ",0,5.41,25.36,270,0," 1,351,374.13 "," 5,650,615.08 "," 54,817,807.00 ",0,137,0.030437681,5799699,0.01
2021-09-24,1," 4,420 "," 514,556,433 "," 1,995.00 ",45%," 114,724,928 ",22%," 1,197.00 ",0.27," 106,562,386 ",0.21,742,0.17," 61,294,359 ",0.12," 1,357.11 ",308.56,0.927062784," 2,200 ",800.0,101.32,30.64,166," 3,099,737.55 "," 5,246,229.67 "," 51,254,901.00 "," 19,295.00 ",26.63,57.57,556,1,14.02,26.154,96,1,407," 46,794,243 ",0.09,0.09,3127," 257,060,489 ",0.71,0.5,652," 73,670,115 ",0.15,0.14,2882," 230,184,617 ",0.65,0.45,886,0.2," 210,701,701 ",0.41,3534,0.8," 303,854,732 ",0.59,1424,0.4," 130,181,991 ",0.43,0.6," 173,672,741 ",0.57,4572.37,27026.82,4000,414917,0,101.12,108.83,434,0," 9,059,202.56 "," 11,560,707.47 "," 41,891,545.00 ",0,92,252.47,209.28,645,0," 25,610,256.92 "," 23,821,592.40 "," 74,814,913.00 ",0,140.43,178.04,606,0," 13,851,307.89 "," 17,515,299.88 "," 62,866,871.00 ",0,167.98,146.88,507,0," 15,695,165.61 "," 16,041,287.08 "," 55,023,177.00 ",0,4.35,19.43,194,0," 1,196,810.20 "," 5,391,560.63 "," 52,329,415.00 ",0,95,0.021493213,3629462,0.01
2021-09-27,1," 4,260 "," 494,055,567 "," 1,854.00 ",44%," 103,501,587 ",21%," 1,169.00 ",0.27," 102,266,422 ",0.21,716,0.17," 58,737,195 ",0.12," 1,359.38 ",319.68,0.995423326," 2,200 ",800.0,101.66,30.73,164," 3,012,533.95 "," 5,063,128.01 "," 48,860,808.00 "," 19,766.00 ",25.98,56.27,552,1,14.3,26.562,96,1,396," 43,907,986 ",0.09,0.09,2989," 239,858,104 ",0.7,0.49,647," 70,798,036 ",0.15,0.14,2738," 212,968,054 ",0.64,0.43,875,0.21," 210,289,477 ",0.43,3385,0.79," 283,766,090 ",0.57,1461,0.43," 127,840,483 ",0.45,0.57," 155,925,607 ",0.55,3729.42,19007.76,4000,414916,0,101.67,111.11,431,0," 8,982,098.56 "," 11,320,976.97 "," 40,211,702.00 ",0,95,258.03,210.77,644,0," 25,891,392.57 "," 23,788,750.20 "," 76,331,452.00 ",0,140.85,178.12,601,0," 13,765,765.12 "," 16,919,636.14 "," 59,468,270.00 ",0,172.75,151.5,511,0," 15,720,164.39 "," 15,751,186.94 "," 52,618,261.00 ",0,5.86,24.74,226,0," 1,439,745.63 "," 6,034,259.48 "," 53,354,367.00 ",0,481,0.112910798,20250055,0.04
2021-09-28,1," 4,081 "," 488,940,270 "," 1,766.00 ",43%," 98,150,805 ",20%," 1,113.00 ",0.27," 100,553,340 ",0.21,697,0.17," 58,247,798 ",0.12," 1,351.52 ",309.59,1.021494101," 2,200 ",800.0,101.83,30.67,165," 2,963,274.36 "," 4,953,072.45 "," 47,736,504.00 "," 20,305.00 ",24.73,52.89,516,1,14.29,26.768,96,1,383," 44,392,285 ",0.09,0.09,2887," 234,956,527 ",0.71,0.48,626," 71,292,268 ",0.15,0.15,2644," 208,056,544 ",0.65,0.43,811,0.2," 209,591,458 ",0.43,3270,0.8," 279,348,812 ",0.57,1409,0.43," 126,234,553 ",0.45,0.57," 153,114,259 ",0.55,4465.67,28873.53,4000,414916,0,100.26,117.32,449,0," 9,089,710.97 "," 11,904,626.18 "," 40,928,771.00 ",0,94,253.05,220.68,680,0," 25,535,572.59 "," 23,856,969.65 "," 75,775,329.00 ",0,141.61,188.2,638,0," 13,835,122.75 "," 17,628,191.52 "," 60,875,413.00 ",0,170.75,161.42,533,0," 15,647,083.74 "," 16,217,647.11 "," 53,697,847.00 ",0,5.29,21.02,171,0," 1,428,086.09 "," 6,200,611.82 "," 52,137,660.00 ",0,440,0.107816712,19084065,0.04
2021-09-29,1," 4,056 "," 490,590,007 "," 1,712.00 ",42%," 94,980,198 ",19%," 1,173.00 ",0.29," 106,098,668 ",0.22,694,0.17," 58,110,756 ",0.12," 1,340.42 ",307.1,0.980003537," 2,200 ",800.0,102.62,30.64,165," 2,973,272.77 "," 4,887,865.59 "," 47,007,169.00 "," 19,295.00 ",24.58,51.37,501,1,13.88,26.331,96,1,380," 44,380,777 ",0.09,0.09,2887," 237,909,597 ",0.71,0.48,643," 73,163,776 ",0.16,0.15,2624," 209,126,598 ",0.65,0.43,789,0.19," 208,299,633 ",0.42,3267,0.81," 282,290,374 ",0.58,1431,0.44," 129,507,585 ",0.46,0.56," 152,782,789 ",0.54,4489.31,28960.6,4000,414916,0,95.35,108.04,424,0," 8,683,420.89 "," 11,274,604.38 "," 39,588,488.00 ",0,97,254.05,219.64,638,0," 25,604,604.68 "," 23,466,470.16 "," 74,437,252.00 ",0,142.69,179.95,598,0," 13,938,321.71 "," 17,205,761.30 "," 59,458,965.00 ",0,165.63,150.53,497,0," 15,266,887.48 "," 15,431,651.49 "," 52,352,160.00 ",0,4.69,18.56,143,0," 1,349,687.01 "," 6,059,159.14 "," 50,800,113.00 ",0,262,0.064595661,11644812,0.02
2021-09-30,1," 4,288 "," 494,188,040 "," 1,850.00 ",43%," 99,929,853 ",20%," 1,220.00 ",0.28," 107,061,714 ",0.22,757,0.18," 60,717,548 ",0.12," 1,337.22 ",293.03,0.904421558," 2,200 ",800.0,101.8,30.6,164," 3,013,341.71 "," 4,945,670.13 "," 47,628,268.00 "," 19,295.00 ",26.15,53.6,512,1,13.44,25.56,96,1,402," 45,465,550 ",0.09,0.09,3026," 238,669,417 ",0.71,0.48,669," 73,964,638 ",0.16,0.15,2759," 210,170,329 ",0.64,0.43,860,0.2," 210,053,073 ",0.43,3428,0.8," 284,134,967 ",0.57,1463,0.43," 128,704,381 ",0.45,0.57," 155,430,586 ",0.55,4918.71,31460.09,4000,414916,0,94.68,104.47,415,0," 8,246,121.46 "," 10,637,115.52 "," 38,792,241.00 ",0,93,242.8,202.88,611,0," 24,061,467.18 "," 21,975,624.28 "," 72,983,307.00 ",0,129.08,165.95,576,0," 12,871,324.99 "," 16,079,449.92 "," 55,746,191.00 ",0,162.02,143.22,488,0," 14,331,504.02 "," 14,233,941.69 "," 49,536,966.00 ",0,5.04,20.61,193,0," 1,342,046.71 "," 5,839,215.19 "," 49,346,966.00 ",0,170,0.039645522,7378024,0.01
2021-10-11,1," 2,913 "," 434,106,591 "," 1,100.00 ",38%," 63,651,731 ",15%, 846.00 ,0.29," 84,202,521 ",0.19,458,0.16," 44,052,570 ",0.1," 1,353.70 ",324.21,0.946598375," 2,200 ",766.5,101.17,33.69,164," 2,646,991.41 "," 4,488,875.56 "," 41,777,865.00 "," 20,406.00 ",17.76,38.19,407,1,14.95,29.024,97,1,275," 38,331,049 ",0.09,0.09,1956," 193,461,017 ",0.67,0.45,473," 62,468,634 ",0.16,0.14,1758," 169,323,432 ",0.6,0.39,682,0.23," 202,314,525 ",0.47,2231,0.77," 231,792,066 ",0.53,927,0.42," 103,842,402 ",0.45,0.58," 127,949,664 ",0.55,3892.27,24205.49,4000,414914,0,77.27,105.28,383,0," 7,981,832.41 "," 11,189,071.02 "," 36,609,479.00 ",0,99,203.44,189.72,545,0," 24,027,720.18 "," 22,267,468.01 "," 73,736,425.00 ",0,126.87,154.71,507,0," 13,964,241.21 "," 16,272,226.31 "," 51,393,816.00 ",0,130.4,139.45,431,0," 13,581,730.04 "," 14,559,660.92 "," 45,589,878.00 ",0,4.84,16.99,118,0," 1,537,385.47 "," 6,306,190.45 "," 50,103,864.00 ",0,348,0.11946447,17680001,0.04
2021-10-13,1," 2,809 "," 428,658,668 "," 1,017.00 ",36%," 59,386,975 ",14%, 850.00 ,0.3," 84,560,226 ",0.2,460,0.16," 44,722,128 ",0.1," 1,346.78 ",321.33,0.947055379," 2,200 ",766.5,101.13,33.9,165," 2,597,931.32 "," 4,264,261.92 "," 38,330,550.00 "," 20,406.00 ",17.02,34.15,344,1,14.15,28.196,97,1,281," 39,491,122 ",0.1,0.09,1870," 187,587,051 ",0.67,0.44,469," 62,969,791 ",0.17,0.15,1682," 164,108,382 ",0.6,0.38,658,0.23," 201,580,495 ",0.47,2151,0.77," 227,078,173 ",0.53,949,0.44," 105,056,658 ",0.46,0.56," 122,021,515 ",0.54,19036.32,81829.95,4000,414914,0,66.52,84.68,333,0," 7,049,662.93 "," 9,726,745.27 "," 33,449,445.00 ",0,95,185.51,168.7,470,0," 22,544,577.64 "," 21,052,160.30 "," 72,919,484.00 ",0,111.55,134.91,431,0," 12,691,970.42 "," 15,024,331.22 "," 51,190,633.00 ",0,115.76,115.49,368,0," 12,441,117.48 "," 13,037,092.42 "," 42,172,504.00 ",0,4.79,16.54,109,0," 1,559,985.35 "," 6,370,860.65 "," 49,757,020.00 ",0,103,0.036667853,4931935,0.01
2021-10-14,1," 2,860 "," 431,382,360 "," 1,024.00 ",36%," 58,721,481 ",14%, 861.00 ,0.3," 85,004,575 ",0.2,462,0.16," 45,173,831 ",0.1," 1,345.14 ",320.22,0.947823525," 2,200 ",800.0,100.57,34.14,165," 2,614,438.55 "," 4,213,025.84 "," 37,346,371.00 "," 20,406.00 ",17.33,32.97,320,1,13.34,27.239,97,1,295," 40,746,878 ",0.1,0.09,1859," 186,446,630 ",0.65,0.43,492," 65,172,988 ",0.17,0.15,1662," 162,020,520 ",0.58,0.38,706,0.25," 204,188,852 ",0.47,2154,0.75," 227,193,508 ",0.53,961,0.45," 107,058,539 ",0.47,0.55," 120,134,969 ",0.53,2831.31,15551.33,4000,414914,0,64.91,83.59,331,0," 6,924,095.56 "," 9,634,548.36 "," 33,334,575.00 ",0,93,184.21,167.97,473,0," 22,768,666.66 "," 21,325,774.63 "," 72,919,484.00 ",0,107.9,134.0,434,0," 12,630,442.34 "," 15,005,301.59 "," 51,190,633.00 ",0,114.55,115.1,368,0," 12,463,174.83 "," 13,045,262.89 "," 42,206,740.00 ",0,5.55,19.15,135,0," 1,652,810.96 "," 6,460,312.36 "," 49,757,020.00 ",0,167,0.058391608,7342054,0.02
2021-10-15,1," 2,796 "," 429,315,032 ", 966.00 ,35%," 56,573,843 ",13%, 905.00 ,0.32," 86,356,218 ",0.2,481,0.17," 45,547,207 ",0.11," 1,337.61 ",325.22,0.976357199," 2,200 ",800.0,100.7,34.48,163," 2,633,834.55 "," 4,129,720.23 "," 35,007,055.00 "," 20,406.00 ",17.15,29.71,259,1,11.95,25.621,97,1,305," 40,699,744 ",0.11,0.09,1773," 182,797,826 ",0.63,0.43,520," 65,771,822 ",0.19,0.15,1558," 157,725,748 ",0.56,0.37,718,0.26," 205,817,462 ",0.48,2078,0.74," 223,497,570 ",0.52,1000,0.48," 107,531,614 ",0.48,0.52," 115,965,956 ",0.52,4683.97,31189.53,4000,414914,0,55.98,66.15,280,0," 6,298,220.29 "," 8,640,164.90 "," 31,738,220.00 ",0,91,172.86,159.0,492,0," 21,917,088.21 "," 20,759,164.00 "," 72,919,484.00 ",0,96.99,119.56,361,0," 11,908,919.83 "," 14,436,238.01 "," 51,190,633.00 ",0,101.99,95.41,303,0," 11,592,730.68 "," 12,001,542.86 "," 40,782,455.00 ",0,5.59,19.04,131,0," 1,680,733.23 "," 6,526,380.35 "," 49,757,020.00 ",0,107,0.038268956,5323703,0.01
2021-10-18,1," 2,588 "," 419,584,379 ", 853.00 ,33%," 51,793,025 ",12%, 849.00 ,0.33," 84,857,969 ",0.2,435,0.17," 44,600,867 ",0.11," 1,338.28 ",331.44,1.001622987," 2,200 ",766.5,100.44,34.98,163," 2,574,137.29 "," 4,035,109.93 "," 33,521,929.00 "," 18,009.00 ",15.88,27.39,243,1,12.03,25.975,97,1,299," 41,631,473 ",0.12,0.1,1635," 175,505,266 ",0.63,0.42,505," 65,640,188 ",0.2,0.16,1429," 151,496,551 ",0.55,0.36,654,0.25," 202,447,640 ",0.48,1934,0.75," 217,136,739 ",0.52,957,0.49," 106,123,315 ",0.49,0.51," 111,013,424 ",0.51,3504.73,19928.83,4000,414913,0,55.28,70.04,289,0," 6,377,531.16 "," 8,881,188.56 "," 31,421,237.00 ",0,94,163.9,154.23,473,0," 21,519,104.04 "," 20,556,996.29 "," 72,919,484.00 ",0,92.48,118.74,361,0," 11,509,680.35 "," 14,425,596.95 "," 51,190,633.00 ",0,100.13,101.37,309,0," 11,739,641.95 "," 12,399,284.93 "," 39,987,616.00 ",0,5.22,17.24,109,0," 1,699,270.21 "," 6,633,859.74 "," 49,757,020.00 ",0,389,0.150309119,19254521,0.05
2021-10-19,1," 2,601 "," 424,460,398 ", 809.00 ,31%," 49,399,427 ",12%, 908.00 ,0.35," 91,680,420 ",0.22,463,0.18," 47,268,035 ",0.11," 1,329.54 ",332.29,1.048264062," 2,200 ",766.5,101.25,35.02,163," 2,604,051.52 "," 4,047,164.55 "," 33,151,614.00 "," 22,818.00 ",15.96,27.26,230,1,11.54,25.439,97,1,309," 42,058,911 ",0.12,0.1,1614," 178,220,277 ",0.62,0.42,514," 66,766,985 ",0.2,0.16,1409," 153,512,203 ",0.54,0.36,678,0.26," 204,181,210 ",0.48,1923,0.74," 220,279,188 ",0.52,987,0.51," 110,048,079 ",0.5,0.49," 110,231,109 ",0.5,3138.08,21487.74,4000,414913,0,56.0,69.51,285,0," 6,549,584.79 "," 8,794,179.40 "," 31,376,672.00 ",0,92,171.35,164.55,506,0," 22,487,134.39 "," 20,989,729.43 "," 72,919,484.00 ",0,96.18,122.15,369,0," 11,950,311.11 "," 14,535,180.53 "," 51,190,633.00 ",0,102.58,102.92,312,0," 12,124,491.78 "," 12,415,248.07 "," 40,610,811.00 ",0,5.22,17.2,109,0," 1,691,412.62 "," 6,618,229.21 "," 49,757,020.00 ",0,373,0.143406382,17746715,0.04
2021-10-20,1," 2,571 "," 422,809,690 ", 713.00 ,28%," 44,112,898 ",10%, 941.00 ,0.37," 93,029,888 ",0.22,453,0.18," 46,683,089 ",0.11," 1,343.40 ",357.49,1.018320447," 2,200 ",766.5,100.69,36.41,166," 2,547,046.33 "," 3,999,913.60 "," 31,851,743.00 "," 22,818.00 ",15.49,26.23,211,1,10.82,24.604,97,1,307," 41,176,789 ",0.12,0.1,1533," 175,758,742 ",0.6,0.42,523," 67,142,295 ",0.2,0.16,1317," 149,793,236 ",0.51,0.35,731,0.28," 205,874,159 ",0.49,1840,0.72," 216,935,531 ",0.51,982,0.53," 110,208,954 ",0.51,0.47," 106,726,577 ",0.49,4149.62,28203.78,4000,414913,0,54.91,66.2,267,0," 6,593,098.14 "," 8,582,861.24 "," 30,303,702.00 ",0,94,180.88,172.54,534,0," 23,932,793.84 "," 21,840,885.24 "," 74,756,028.00 ",0,100.67,119.45,401,0," 12,761,351.69 "," 14,680,952.51 "," 52,121,950.00 ",0,103.12,103.34,296,0," 12,348,817.39 "," 12,507,545.56 "," 39,545,452.00 ",0,6.11,20.02,138,0," 1,845,362.73 "," 6,812,311.86 "," 50,688,337.00 ",0,158,0.061454687,8089459,0.02
2021-10-21,1," 2,756 "," 430,548,786 ", 727.00 ,26%," 45,840,514 ",11%, 940.00 ,0.34," 92,373,806 ",0.21,502,0.18," 48,342,529 ",0.11," 1,347.03 ",333.44,0.909136173," 2,200 ",766.5,98.51,35.94,166," 2,593,667.39 "," 4,019,454.95 "," 32,335,003.00 "," 22,818.00 ",16.6,26.96,226,1,10.8,24.596,97,1,287," 40,538,014 ",0.1,0.09,1666," 181,856,062 ",0.6,0.42,537," 69,365,773 ",0.19,0.16,1416," 153,028,303 ",0.51,0.36,803,0.29," 208,154,710 ",0.48,1953,0.71," 222,394,076 ",0.52,977,0.5," 111,310,507 ",0.5,0.5," 111,083,569 ",0.5,5360.0,35077.13,4000,414913,0,50.98,65.43,282,0," 5,947,596.77 "," 8,321,408.81 "," 30,609,803.00 ",0,95,165.65,156.59,495,0," 22,048,583.99 "," 21,030,736.04 "," 72,631,836.00 ",0,91.7,114.34,435,0," 11,815,692.22 "," 14,222,036.62 "," 51,041,961.00 ",0,97.58,99.69,313,0," 11,423,647.94 "," 12,058,697.79 "," 39,930,236.00 ",0,6.43,21.46,156,0," 1,802,289.57 "," 6,553,781.28 "," 49,608,348.00 ",0,149,0.054063861,6260871,0.01
2021-10-22,1," 2,618 "," 424,752,688 ", 724.00 ,28%," 45,554,936 ",11%, 909.00 ,0.35," 90,229,489 ",0.21,486,0.19," 46,932,441 ",0.11," 1,340.73 ",334.58,0.961560262," 2,200 ",766.5,99.09,36.08,166," 2,558,751.13 "," 3,951,841.31 "," 32,209,259.00 "," 22,818.00 ",15.77,25.21,223,1,11.09,25.012,97,1,283," 40,146,967 ",0.11,0.09,1579," 178,052,630 ",0.6,0.42,519," 68,059,883 ",0.2,0.16,1343," 150,139,714 ",0.51,0.35,756,0.29," 206,553,091 ",0.49,1862,0.71," 218,199,597 ",0.51,944,0.51," 108,967,673 ",0.5,0.49," 109,231,924 ",0.5,4890.93,32218.18,4000,414913,0,49.1,64.17,275,0," 5,937,099.67 "," 8,341,724.44 "," 30,544,569.00 ",0,95,161.41,151.61,477,0," 22,338,672.44 "," 21,125,065.26 "," 72,631,836.00 ",0,91.53,112.41,408,0," 12,057,234.63 "," 14,276,292.21 "," 51,041,961.00 ",0,93.69,96.15,307,0," 11,449,589.75 "," 12,071,202.44 "," 39,891,142.00 ",0,6.69,21.89,156,0," 1,878,098.77 "," 6,712,321.98 "," 49,608,348.00 ",0,116,0.044308633,4782736,0.01
2021-10-26,1," 2,553 "," 418,630,808 ", 640.00 ,25%," 44,025,901 ",11%, 762.00 ,0.3," 81,360,758 ",0.19,378,0.15," 42,095,800 ",0.1," 1,438.33 ",407.52,0.716952269," 2,200 ",766.5,93.58,37.85,163," 2,568,287.17 "," 4,155,908.94 "," 31,229,031.00 "," 18,477.00 ",15.66,27.76,217,1,11.21,25.296,97,1,199," 33,769,028 ",0.08,0.08,1392," 170,303,182 ",0.55,0.41,400," 59,202,616 ",0.16,0.14,1191," 144,869,594 ",0.47,0.35,962,0.38," 214,558,598 ",0.51,1591,0.62," 204,072,210 ",0.49,771,0.48," 96,575,210 ",0.47,0.52," 107,497,000 ",0.53,4221.47,27091.39,4000,414912,0,54.65,69.8,267,0," 7,166,898.16 "," 9,643,390.52 "," 29,796,220.00 ",0,96,179.61,154.62,397,0," 27,535,460.20 "," 27,254,929.83 "," 82,438,343.00 ",0,91.77,108.86,335,0," 13,552,273.96 "," 15,232,031.96 "," 59,453,478.00 ",0,104.41,105.98,294,0," 13,854,335.61 "," 15,018,781.34 "," 45,202,959.00 ",0,15.02,47.0,352,0," 3,178,183.88 "," 8,624,939.65 "," 59,385,757.00 ",0,241,0.094398747,10263337,0.02
2021-10-27,1," 2,456 "," 412,237,636 ", 604.00 ,25%," 40,197,448 ",10%, 750.00 ,0.31," 79,261,751 ",0.19,394,0.16," 42,383,688 ",0.1," 1,417.06 ",389.35,0.803857683," 2,200 ",766.5,93.87,36.86,162," 2,544,676.77 "," 4,061,601.20 "," 29,231,836.00 "," 18,477.00 ",15.16,25.16,185,1,10.6,24.041,97,1,175," 32,409,951 ",0.07,0.08,1436," 169,792,578 ",0.58,0.41,389," 58,112,406 ",0.16,0.14,1222," 144,090,123 ",0.5,0.35,845,0.34," 210,035,107 ",0.51,1611,0.66," 202,202,529 ",0.49,784,0.49," 95,454,998 ",0.47,0.51," 106,747,531 ",0.53,6152.06,38917.68,4000,414912,0,44.51,54.56,233,0," 6,181,631.78 "," 8,365,814.36 "," 27,794,366.00 ",0,99,153.97,134.0,402,0," 24,442,501.70 "," 25,027,445.86 "," 79,157,566.00 ",0,78.07,94.22,327,0," 11,891,596.91 "," 13,952,973.56 "," 57,525,388.00 ",0,88.28,87.56,256,0," 12,261,750.31 "," 13,634,497.82 "," 43,274,869.00 ",0,11.62,36.42,273,0," 2,749,988.89 "," 7,867,926.90 "," 56,104,980.00 ",0,200,0.081433225,8203687,0.02
2021-10-28,1," 2,544 "," 420,936,024 ", 739.00 ,29%," 48,936,186 ",12%, 779.00 ,0.31," 80,148,233 ",0.19,442,0.17," 44,542,041 ",0.11," 1,385.32 ",359.78,0.929978687," 2,200 ",766.5,96.26,35.68,162," 2,598,370.52 "," 4,161,643.45 "," 32,869,142.00 "," 18,477.00 ",15.7,27.17,239,1,12.82,26.404,97,1,173," 32,611,973 ",0.07,0.08,1565," 179,577,177 ",0.62,0.43,389," 58,702,728 ",0.15,0.14,1349," 153,486,422 ",0.53,0.36,806,0.32," 208,746,874 ",0.5,1738,0.68," 212,189,150 ",0.5,806,0.46," 98,412,268 ",0.46,0.54," 113,776,882 ",0.54,4183.02,27142.46,4000,414912,0,46.27,59.28,269,0," 6,063,980.51 "," 8,420,245.73 "," 30,383,932.00 ",0,93,136.78,120.66,373,0," 21,573,729.40 "," 22,602,433.10 "," 76,260,435.00 ",0,75.12,99.18,331,0," 10,949,834.98 "," 14,112,621.29 "," 54,591,578.00 ",0,83.29,84.11,293,0," 11,308,725.38 "," 12,602,971.37 "," 40,345,762.00 ",0,8.61,26.94,191,0," 2,244,416.37 "," 7,296,066.93 "," 53,203,146.00 ",0,175,0.068789308,7470850,0.02
2021-10-29,1," 2,679 "," 430,587,334 ", 791.00 ,30%," 55,664,676 ",13%, 821.00 ,0.31," 81,104,093 ",0.19,508,0.19," 48,624,395 ",0.11," 1,400.58 ",370.87,0.895595743," 2,200 ",766.5,95.0,35.86,160," 2,691,170.84 "," 4,377,855.27 "," 38,923,195.00 "," 18,477.00 ",16.74,30.83,305,1,14.67,28.744,97,1,180," 32,735,454 ",0.07,0.08,1610," 181,410,352 ",0.6,0.42,421," 58,915,709 ",0.16,0.14,1369," 155,230,097 ",0.51,0.36,889,0.33," 216,441,528 ",0.5,1790,0.67," 214,145,806 ",0.5,885,0.49," 101,080,376 ",0.47,0.51," 113,065,430 ",0.53,10948.38,57980.64,4000,414912,0,53.42,65.5,293,0," 6,421,463.17 "," 8,794,322.39 "," 33,498,142.00 ",0,95,154.42,131.51,388,0," 23,518,787.05 "," 23,941,493.33 "," 78,043,216.00 ",0,83.39,108.32,354,0," 11,887,222.98 "," 14,604,235.47 "," 56,374,359.00 ",0,96.76,92.57,312,0," 12,622,349.09 "," 13,615,204.49 "," 42,128,543.00 ",0,11.52,34.42,244,0," 2,577,415.19 "," 7,725,002.98 "," 54,985,927.00 ",0,109,0.040686823,3974575,0.01
2021-10-31,1," 2,595 "," 420,946,897 ", 690.00 ,27%," 46,751,880 ",11%, 746.00 ,0.29," 74,087,728 ",0.18,467,0.18," 45,033,241 ",0.11," 1,412.94 ",370.58,0.865714023," 2,200 ",766.5,92.89,36.34,166," 2,535,824.68 "," 4,191,752.28 "," 36,146,834.00 "," 14,441.00 ",15.63,29.27,262,1,13.43,27.289,97,1,175," 32,917,730 ",0.07,0.08,1515," 173,591,819 ",0.58,0.41,389," 56,931,622 ",0.15,0.14,1301," 149,577,927 ",0.5,0.36,905,0.35," 214,437,348 ",0.51,1690,0.65," 206,509,549 ",0.49,801,0.47," 96,073,006 ",0.47,0.53," 110,436,543 ",0.53,9869.92,53848.81,4000,414912,0,51.81,68.55,300,0," 6,383,605.32 "," 9,077,709.63 "," 33,792,882.00 ",0,96,149.27,126.84,395,0," 24,075,004.35 "," 24,798,843.34 "," 78,043,216.00 ",0,76.94,104.14,346,0," 12,054,333.96 "," 14,839,105.58 "," 56,374,359.00 ",0,94.89,95.01,325,0," 12,720,343.29 "," 14,016,060.68 "," 42,128,543.00 ",0,12.75,37.54,244,0," 2,771,285.15 "," 7,796,743.53 "," 54,985,927.00 ",0,30,0.011560694,1031294,0.0
2021-11-10,1," 2,663 "," 446,630,601 ", 725.00 ,27%," 50,873,444 ",11%, 883.00 ,0.33," 89,577,649 ",0.2,452,0.17," 48,222,998 ",0.11," 1,402.43 ",379.06,0.76478015," 2,200 ",800.0,94.94,36.25,165," 2,706,852.13 "," 4,350,482.74 "," 35,582,385.00 "," 20,408.00 ",16.14,27.71,236,1,12.25,25.374,102,1,219," 34,512,963 ",0.08,0.08,1686," 190,050,502 ",0.63,0.43,477," 62,902,091 ",0.18,0.14,1428," 161,661,374 ",0.54,0.36,758,0.28," 222,067,136 ",0.5,1905,0.72," 224,563,465 ",0.5,958,0.5," 106,912,634 ",0.48,0.5," 117,650,831 ",0.52,3822.34,25320.69,4000,414910,0,46.12,50.64,231,0," 6,130,061.17 "," 8,136,033.34 "," 30,340,079.00 ",0,98,168.44,150.09,525,0," 24,596,947.55 "," 24,781,917.18 "," 87,199,134.00 ",0,92.16,105.23,422,0," 12,689,859.17 "," 14,917,282.63 "," 61,106,279.00 ",0,92.91,82.99,260,0," 12,217,290.98 "," 13,004,275.64 "," 46,616,896.00 ",0,8.95,29.14,218,0," 2,500,806.74 "," 8,470,814.54 "," 62,020,183.00 ",0,207,0.077731881,13157905,0.03
2021-11-11,1," 3,093 "," 488,488,490 "," 1,132.00 ",37%," 87,781,110 ",18%, 954.00 ,0.31," 94,217,189 ",0.19,547,0.18," 53,550,954 ",0.11," 1,380.93 ",345.92,0.862398578," 2,200 ",800.0,98.62,33.96,164," 2,978,588.35 "," 5,057,208.92 "," 47,350,049.00 "," 20,408.00 ",18.86,40.91,446,1,15.68,28.287,102,1,233," 35,426,060 ",0.08,0.07,2140," 232,433,554 ",0.69,0.48,515," 65,169,878 ",0.17,0.13,1858," 202,689,736 ",0.6,0.41,720,0.23," 220,628,876 ",0.45,2373,0.77," 267,859,614 ",0.55,956,0.4," 108,392,587 ",0.4,0.6," 159,467,027 ",0.6,3529.13,23517.06,4000,414910,0,68.21,88.44,346,0," 7,830,305.74 "," 11,103,105.98 "," 39,423,659.00 ",0,96,208.19,182.35,569,0," 26,979,948.94 "," 24,160,115.19 "," 85,478,119.00 ",0,130.43,144.6,465,0," 15,529,403.09 "," 16,643,603.68 "," 59,757,972.00 ",0,126.68,123.06,388,0," 14,609,835.76 "," 14,827,728.17 "," 46,613,987.00 ",0,6.72,23.47,180,0," 2,003,764.57 "," 7,697,184.48 "," 60,265,129.00 ",0,159,0.051406402,10236654,0.02
2021-11-15,1," 2,945 "," 474,783,764 ", 971.00 ,33%," 73,329,405 ",15%, 963.00 ,0.33," 93,136,347 ",0.2,519,0.18," 49,539,124 ",0.1," 1,366.67 ",333.36,0.809922701," 2,200 ",800.0,97.75,34.63,164," 2,895,022.95 "," 4,391,337.66 "," 35,730,331.00 "," 22,447.00 ",17.96,33.93,339,1,13.54,25.908,97,1,243," 36,016,490 ",0.08,0.08,1983," 217,727,386 ",0.67,0.46,534," 66,245,511 ",0.18,0.14,1692," 187,498,365 ",0.57,0.39,719,0.24," 221,039,888 ",0.47,2226,0.76," 253,743,876 ",0.53,1025,0.46," 113,120,186 ",0.45,0.54," 140,623,690 ",0.55,3760.75,22849.44,4000,414909,0,56.09,62.27,274,0," 6,077,175.77 "," 7,558,562.63 "," 29,585,117.00 ",0,98,200.07,175.52,591,0," 25,624,812.79 "," 21,708,315.03 "," 83,034,790.00 ",0,113.5,124.43,505,0," 13,761,661.10 "," 14,176,455.89 "," 57,840,353.00 ",0,115.04,100.9,308,0," 12,886,900.98 "," 11,487,656.61 "," 43,371,308.00 ",0,7.89,26.52,206,0," 2,158,247.37 "," 7,787,013.68 "," 58,082,113.00 ",0,278,0.094397284,12646919,0.03
2021-11-16,1," 2,862 "," 473,402,413 ", 987.00 ,34%," 75,640,988 ",16%, 894.00 ,0.31," 90,027,188 ",0.19,501,0.18," 49,977,986 ",0.11," 1,385.86 ",352.84,0.853027338," 2,200 ",800.0,97.89,34.36,165," 2,869,105.53 "," 4,400,850.54 "," 35,808,925.00 "," 22,447.00 ",17.35,33.74,348,1,14.05,26.567,97,1,233," 35,508,593 ",0.08,0.08,1965," 217,391,202 ",0.69,0.46,511," 64,131,306 ",0.18,0.14,1687," 188,768,489 ",0.59,0.4,664,0.23," 220,502,618 ",0.47,2198,0.77," 252,899,795 ",0.53,978,0.44," 109,880,116 ",0.43,0.56," 143,019,679 ",0.57,2570.98,15557.5,3,414909,0,55.17,64.66,280,0," 6,315,674.05 "," 8,106,311.42 "," 29,786,136.00 ",0,99,192.8,166.97,540,0," 26,159,962.41 "," 23,570,095.75 "," 86,012,348.00 ",0,112.25,123.31,477,0," 13,882,924.16 "," 14,716,385.57 "," 60,820,849.00 ",0,113.25,102.29,325,0," 13,501,746.00 "," 12,915,011.19 "," 46,348,866.00 ",0,7.56,25.68,192,0," 2,229,340.96 "," 8,140,416.84 "," 61,062,609.00 ",0,195,0.068134172,9710308,0.02
2021-11-17,1," 3,069 "," 481,184,470 "," 1,002.00 ",33%," 75,471,523 ",16%, 952.00 ,0.31," 93,188,103 ",0.19,514,0.17," 50,398,075 ",0.1," 1,386.23 ",347.85,0.803135106," 2,200 ",757.0,96.57,34.51,166," 2,898,701.63 "," 4,410,481.70 "," 35,371,707.00 "," 20,404.00 ",18.49,35.51,352,1,13.66,26.373,102,1,242," 37,605,519 ",0.08,0.08,2020," 218,100,821 ",0.66,0.45,543," 67,483,204 ",0.18,0.14,1719," 188,223,136 ",0.56,0.39,807,0.26," 225,478,130 ",0.47,2262,0.74," 255,706,340 ",0.53,1026,0.45," 113,285,970 ",0.44,0.55," 142,420,370 ",0.56,5324.31,36422.96,4000,414909,0,56.9,64.55,290,0," 6,267,651.60 "," 7,830,855.33 "," 29,420,588.00 ",0,96,199.35,167.4,554,0," 26,725,574.17 "," 23,628,637.38 "," 86,012,348.00 ",0,112.34,125.24,486,0," 14,034,716.87 "," 14,588,006.38 "," 60,820,849.00 ",0,117.88,103.21,336,0," 13,612,182.25 "," 12,638,792.60 "," 46,348,866.00 ",0,9.35,30.73,204,0," 2,358,904.70 "," 8,041,786.44 "," 61,062,609.00 ",0,195,0.063538612,9419595,0.02
2021-11-18,1," 3,045 "," 479,959,795 "," 1,128.00 ",37%," 76,228,436 ",16%, 993.00 ,0.33," 96,466,549 ",0.2,569,0.19," 53,702,969 ",0.11," 1,374.58 ",347.63,0.90496614," 2,200 ",757.0,98.73,33.5,164," 2,926,584.12 "," 4,339,080.35 "," 33,837,747.00 "," 20,404.00 ",18.57,36.35,375,1,14.27,26.719,102,1,256," 38,051,037 ",0.08,0.08,2060," 217,932,923 ",0.68,0.45,550," 68,954,141 ",0.18,0.14,1766," 187,029,819 ",0.58,0.39,729,0.24," 223,975,835 ",0.47,2316,0.76," 255,983,960 ",0.53,1024,0.44," 114,118,739 ",0.45,0.56," 141,865,221 ",0.55,6536.22,42798.29,4000,414909,0,53.27,59.01,265,0," 5,743,750.97 "," 7,007,144.77 "," 27,292,772.00 ",0,97,180.85,159.18,531,0," 24,343,653.79 "," 22,938,883.54 "," 85,972,817.00 ",0,104.87,119.36,466,0," 12,722,533.69 "," 14,004,493.75 "," 60,781,318.00 ",0,107.03,94.47,320,0," 12,412,368.62 "," 11,847,522.36 "," 46,309,335.00 ",0,7.11,24.96,192,0," 2,093,784.55 "," 7,900,613.09 "," 61,023,078.00 ",0,127,0.041707718,5627091,0.01
2021-11-22,1," 3,070 "," 487,226,331 "," 1,038.00 ",34%," 78,940,152 ",16%," 1,033.00 ",0.34," 101,742,250 ",0.21,583,0.19," 58,437,359 ",0.12," 1,370.14 ",346.57,0.855858503," 2,200 ",757.0,98.65,34.17,164," 2,970,892.26 "," 4,064,560.19 "," 29,571,485.00 "," 20,404.00 ",18.72,32.2,297,1,12.01,24.223,97,1,220," 38,927,312 ",0.07,0.08,2058," 221,991,277 ",0.67,0.46,530," 71,352,582 ",0.17,0.15,1748," 189,566,007 ",0.57,0.39,792,0.26," 226,307,742 ",0.46,2278,0.74," 260,918,589 ",0.54,1026,0.45," 119,092,267 ",0.46,0.55," 141,826,322 ",0.54,2798.09,13039.1,4000,414908,0,44.24,41.92,195,0," 4,812,369.43 "," 5,326,238.43 "," 26,450,156.00 ",0,92,168.04,151.32,538,0," 22,959,732.99 "," 21,942,282.42 "," 85,169,277.00 ",0,93.75,107.42,464,0," 11,770,367.20 "," 13,289,765.90 "," 59,978,387.00 ",0,93.25,79.36,257,0," 11,111,283.85 "," 10,467,594.95 "," 45,505,795.00 ",0,7.41,24.72,172,0," 2,120,079.95 "," 7,831,789.22 "," 60,220,147.00 ",0,234,0.076221498,12891537,0.03
2021-11-23,1," 3,056 "," 485,721,704 "," 1,025.00 ",34%," 77,261,512 ",16%," 1,092.00 ",0.36," 103,688,399 ",0.21,632,0.21," 60,375,730 ",0.12," 1,343.78 ",331.44,0.929939978," 2,200 ",757.0,100.89,33.37,164," 2,961,717.71 "," 3,945,576.76 "," 27,723,596.00 "," 20,928.00 ",18.63,31.08,273,1,11.69,23.668,97,1,233," 39,250,023 ",0.08,0.08,2131," 223,875,876 ",0.7,0.46,545," 71,893,482 ",0.18,0.15,1819," 191,232,417 ",0.6,0.39,692,0.23," 222,595,805 ",0.46,2364,0.77," 263,125,899 ",0.54,1064,0.45," 119,657,399 ",0.45,0.55," 143,468,500 ",0.55,3063.4,21197.15,3,414908,0,43.88,41.53,192,0," 4,458,253.73 "," 4,889,888.19 "," 25,581,168.00 ",0,88,177.18,172.56,598,0," 21,737,144.50 "," 20,497,611.05 "," 83,406,932.00 ",0,100.31,117.82,514,0," 11,331,626.91 "," 13,109,375.31 "," 58,168,673.00 ",0,96.85,87.11,290,0," 10,391,536.00 "," 9,362,959.75 "," 43,670,730.00 ",0,5.28,18.25,126,0," 1,811,337.29 "," 7,504,904.57 "," 58,410,433.00 ",0,231,0.075589005,12642581,0.03
2021-11-25,1," 3,516 "," 500,069,027 "," 1,234.00 ",35%," 79,903,783 ",16%," 1,194.00 ",0.34," 110,463,334 ",0.22,709,0.2," 64,007,252 ",0.13," 1,361.76 ",337.5,0.852156557," 2,200 ",757.0,98.63,33.97,164," 3,049,201.38 "," 4,113,628.91 "," 28,908,968.00 "," 21,341.00 ",21.44,37.23,336,1,11.81,23.722,97,1,283," 42,379,714 ",0.08,0.08,2276," 224,095,226 ",0.65,0.45,607," 76,083,828 ",0.17,0.15,1952," 190,391,112 ",0.56,0.38,957,0.27," 233,594,087 ",0.47,2559,0.73," 266,474,940 ",0.53,1191,0.47," 125,850,105 ",0.47,0.53," 140,624,835 ",0.53,3137.79,22084.73,3,414908,0,53.69,48.92,209,0," 5,112,955.15 "," 5,548,110.87 "," 26,899,635.00 ",0,85,213.34,189.11,655,0," 25,197,528.39 "," 22,789,961.63 "," 85,875,353.00 ",0,115.29,129.89,580,0," 13,041,553.72 "," 14,007,948.76 "," 59,386,977.00 ",0,117.83,99.53,340,0," 11,883,998.38 "," 10,633,369.38 "," 44,916,098.00 ",0,9.06,31.45,247,0," 2,131,674.36 "," 7,560,309.31 "," 59,839,686.00 ",0,122,0.034698521,4886966,0.01
2021-11-26,1," 3,557 "," 506,064,202 "," 1,197.00 ",34%," 77,037,675 ",15%," 1,212.00 ",0.34," 111,895,790 ",0.22,727,0.2," 65,596,346 ",0.13," 1,358.62 ",336.13,0.875710792," 2,200 ",757.0,98.31,33.78,164," 3,085,757.33 "," 4,108,446.11 "," 27,691,560.00 "," 21,341.00 ",21.69,36.2,300,1,11.13,22.518,97,1,279," 41,951,308 ",0.08,0.08,2303," 228,945,036 ",0.65,0.45,604," 75,845,432 ",0.17,0.15,1978," 195,050,912 ",0.56,0.39,975,0.27," 235,167,858 ",0.46,2582,0.73," 270,896,344 ",0.54,1193,0.46," 126,293,988 ",0.47,0.54," 144,602,356 ",0.53,3374.57,23010.69,4000,414908,0,50.25,43.18,195,0," 4,924,038.65 "," 5,253,974.89 "," 26,899,635.00 ",0,85,207.86,184.75,649,0," 25,074,100.49 "," 22,946,475.32 "," 85,875,353.00 ",0,111.49,129.75,580,0," 12,935,188.33 "," 14,198,337.99 "," 59,386,977.00 ",0,116.94,99.94,358,0," 11,929,304.38 "," 10,641,146.51 "," 44,916,098.00 ",0,9.45,32.45,250,0," 2,180,715.98 "," 7,600,135.01 "," 59,839,686.00 ",0,89,0.025021085,3662640,0.01
2021-11-29,1," 3,259 "," 495,204,267 "," 1,000.00 ",31%," 66,869,930 ",14%," 1,132.00 ",0.35," 108,010,817 ",0.22,677,0.21," 63,800,322 ",0.13," 1,345.07 ",327.11,0.901558226," 2,200 ",757.0,98.48,34.32,167," 2,965,295.01 "," 3,787,927.56 "," 24,102,475.00 "," 20,612.00 ",19.51,30.31,221,1,10.44,21.477,97,1,296," 44,699,721 ",0.09,0.09,2125," 221,169,575 ",0.65,0.45,598," 76,550,763 ",0.18,0.15,1823," 189,318,533 ",0.56,0.38,838,0.26," 229,334,971 ",0.46,2421,0.74," 265,869,296 ",0.54,1157,0.48," 124,319,158 ",0.47,0.52," 141,550,138 ",0.53,8537.13,51283.87,4000,414907,0,43.28,37.02,167,0," 4,372,285.88 "," 4,414,744.30 "," 25,281,907.00 ",0,89,178.94,164.66,605,0," 22,546,030.67 "," 21,269,784.93 "," 83,604,012.00 ",0,90.2,114.08,527,0," 11,117,957.66 "," 13,495,511.90 "," 57,869,412.00 ",0,101.19,90.38,345,0," 10,787,621.41 "," 9,657,402.56 "," 43,371,469.00 ",0,10.02,31.79,225,0," 2,265,674.79 "," 7,889,955.60 "," 58,041,368.00 ",0,273,0.083768027,13889425,0.03
2021-11-30,1," 3,174 "," 490,342,233 ", 986.00 ,31%," 65,132,869 ",13%," 1,128.00 ",0.36," 107,807,540 ",0.22,668,0.21," 63,662,247 ",0.13," 1,338.64 ",329.01,0.956815834," 2,200 ",757.0,99.53,34.01,167," 2,936,181.04 "," 3,684,698.10 "," 24,087,478.00 "," 20,612.00 ",19.01,29.9,223,1,10.7,21.892,97,1,300," 44,972,967 ",0.09,0.09,2098," 219,109,014 ",0.66,0.45,611," 77,638,705 ",0.19,0.16,1787," 186,443,276 ",0.56,0.38,776,0.24," 226,260,252 ",0.46,2398,0.76," 264,081,981 ",0.54,1143,0.48," 123,490,359 ",0.47,0.52," 140,591,622 ",0.53,6380.02,41927.65,4000,414907,0,42.41,36.85,169,0," 4,292,962.88 "," 4,417,446.23 "," 25,281,907.00 ",0,90,170.14,160.49,595,0," 21,690,372.82 "," 21,060,196.06 "," 83,604,012.00 ",0,88.66,113.35,507,0," 10,642,934.63 "," 13,345,507.43 "," 63,749,168.00 ",0,96.17,86.36,327,0," 10,507,312.63 "," 10,037,616.28 "," 50,061,709.00 ",0,7.99,25.37,165,0," 2,164,461.45 "," 8,343,178.28 "," 64,731,608.00 ",0,216,0.06805293,10579792,0.02
2021-12-14,1," 3,185 "," 490,976,867 "," 1,023.00 ",32%," 52,227,068 ",11%," 1,236.00 ",0.39," 113,488,580 ",0.23,625,0.2," 70,713,049 ",0.14," 1,329.11 ",341.73,0.952013465," 2,200 ",757.0,100.73,38.47,163," 3,012,128.02 "," 3,848,508.49 "," 24,222,152.00 "," 23,466.00 ",19.54,28.76,187,1,9.52,20.888,97,1,372," 58,406,278 ",0.12,0.12,2065," 211,090,974 ",0.65,0.43,683," 87,854,350 ",0.21,0.18,1754," 181,642,902 ",0.55,0.37,748,0.23," 221,479,615 ",0.45,2437,0.77," 269,497,252 ",0.55,1282,0.53," 135,484,171 ",0.5,0.47," 134,013,081 ",0.5,6728.68,41171.16,4000,414905,0,46.25,40.7,175,0," 4,517,688.57 "," 4,582,147.76 "," 25,113,130.00 ",0,92,222.22,240.13,785,0," 25,233,705.10 "," 24,020,295.73 "," 83,251,411.00 ",0,118.93,148.31,607,0," 12,636,716.26 "," 14,549,980.71 "," 63,588,822.00 ",0,109.43,108.51,363,0," 11,357,620.63 "," 10,956,907.03 "," 49,927,268.00 ",0,7.04,23.79,161,0," 2,119,254.22 "," 8,068,701.17 "," 64,571,262.00 ",0,215,0.067503925,9671844,0.02
2021-12-15,1," 3,200 "," 490,935,166 "," 1,013.00 ",32%," 54,130,582 ",11%," 1,213.00 ",0.38," 113,855,258 ",0.23,641,0.2," 71,871,557 ",0.15," 1,345.95 ",360.53,0.910170267," 2,200 ",59.5,99.53,38.86,163," 3,011,872.18 "," 3,801,710.81 "," 23,000,953.00 "," 23,466.00 ",19.63,29.03,184,1,9.33,20.648,97,1,368," 58,140,500 ",0.12,0.12,2021," 209,098,891 ",0.63,0.43,667," 87,250,717 ",0.21,0.18,1722," 179,988,674 ",0.54,0.37,811,0.25," 223,695,775 ",0.46,2389,0.75," 267,239,391 ",0.54,1300,0.54," 136,727,182 ",0.51,0.46," 130,512,209 ",0.49,4868.21,30903.98,4000,414905,0,46.2,40.63,174,0," 4,765,991.64 "," 4,980,888.29 "," 25,908,875.00 ",0,93,223.56,234.45,754,0," 26,832,840.68 "," 25,827,051.74 "," 85,407,374.00 ",0,114.9,140.31,620,0," 13,087,611.71 "," 14,656,111.31 "," 65,663,932.00 ",0,112.52,109.35,356,0," 12,433,019.45 "," 12,679,261.73 "," 52,010,511.00 ",0,8.67,28.97,204,0," 2,370,854.38 "," 8,364,205.81 "," 66,646,372.00 ",0,185,0.0578125,8004697,0.02
2021-12-16,1," 3,655 "," 506,899,785 "," 1,422.00 ",39%," 69,650,824 ",14%," 1,336.00 ",0.37," 118,556,296 ",0.23,758,0.21," 75,955,490 ",0.15," 1,353.66 ",358.81,0.925078285," 2,200 ",59.5,99.88,37.34,164," 3,090,852.35 "," 3,996,703.20 "," 27,543,552.00 "," 23,466.00 ",22.29,37.79,314,1,11.09,22.489,97,1,405," 60,353,307 ",0.11,0.12,2390," 223,801,973 ",0.65,0.44,726," 90,172,834 ",0.2,0.18,2069," 193,982,446 ",0.57,0.38,860,0.24," 222,744,505 ",0.44,2795,0.76," 284,155,280 ",0.56,1435,0.51," 143,224,574 ",0.5,0.49," 140,930,706 ",0.5,8784.15,50240.66,4000,414905,0,55.55,46.46,173,0," 5,223,489.05 "," 5,489,912.74 "," 27,019,690.00 ",0,86,237.55,241.19,795,0," 26,901,639.79 "," 26,642,028.94 "," 87,542,079.00 ",0,123.25,151.14,627,0," 13,019,246.47 "," 14,849,500.34 "," 67,798,637.00 ",0,127.24,117.85,382,0," 13,006,857.28 "," 13,593,707.71 "," 54,145,216.00 ",0,8.65,31.55,259,0," 2,225,977.15 "," 8,046,625.74 "," 68,781,077.00 ",0,174,0.047606019,8210251,0.02
2021-12-17,1," 3,721 "," 523,237,621 "," 1,427.00 ",38%," 72,353,297 ",14%," 1,345.00 ",0.36," 121,170,804 ",0.23,765,0.21," 77,390,849 ",0.15," 1,354.90 ",357.97,0.915986772," 2,200 ",59.5,99.62,37.27,165," 3,171,137.10 "," 4,111,767.57 "," 29,071,345.00 "," 23,351.00 ",22.55,38.07,319,1,11.07,22.479,97,1,417," 64,229,690 ",0.11,0.12,2440," 230,645,964 ",0.66,0.44,739," 94,686,084 ",0.2,0.18,2118," 200,189,570 ",0.57,0.38,864,0.23," 228,361,967 ",0.44,2857,0.77," 294,875,654 ",0.56,1455,0.51," 148,709,942 ",0.5,0.49," 146,165,712 ",0.5,9090.77,51106.06,4000,414905,0,56.27,47.12,180,0," 5,442,081.90 "," 5,643,499.37 "," 27,018,569.00 ",0,86,242.62,242.49,805,0," 28,296,328.23 "," 27,331,768.49 "," 87,538,867.00 ",0,124.57,150.83,642,0," 13,621,711.95 "," 15,244,169.75 "," 67,795,425.00 ",0,130.76,118.47,386,0," 13,841,789.16 "," 14,013,439.09 "," 54,142,004.00 ",0,9.2,33.09,263,0," 2,331,590.62 "," 8,339,577.56 "," 68,777,865.00 ",0,141,0.03789304,6644987,0.01
2021-12-21,1," 3,501 "," 535,604,319 "," 1,316.00 ",38%," 72,548,424 ",14%," 1,314.00 ",0.38," 121,685,335 ",0.23,725,0.21," 78,239,367 ",0.15," 1,352.66 ",365.21,0.9480531," 2,200 ",59.5,100.06,34.39,164," 3,265,879.99 "," 4,269,958.73 "," 29,358,506.00 "," 57,423.00 ",21.35,37.51,325,1,11.68,23.89,97,1,353," 59,339,957 ",0.1,0.11,2314," 234,177,278 ",0.66,0.44,688," 92,569,459 ",0.2,0.17,1979," 200,947,776 ",0.57,0.38,834,0.24," 242,087,084 ",0.45,2667,0.76," 293,517,235 ",0.55,1406,0.53," 146,623,099 ",0.5,0.47," 146,894,136 ",0.5,9139.77,53168.68,4000,414904,0,56.52,49.01,178,0," 5,728,643.97 "," 6,330,581.43 "," 30,165,218.00 ",0,92,233.79,230.37,759,0," 28,188,104.02 "," 26,874,840.94 "," 89,192,414.00 ",0,121.18,144.32,458,0," 13,567,979.25 "," 15,278,589.51 "," 68,866,569.00 ",0,128.62,114.87,387,0," 13,877,021.64 "," 13,593,634.49 "," 54,226,830.00 ",0,8.87,31.63,254,0," 2,407,486.67 "," 8,753,349.75 "," 69,920,452.00 ",0,281,0.080262782,14601484,0.03
2021-12-22,1," 3,683 "," 545,374,101 "," 1,508.00 ",41%," 83,750,259 ",15%," 1,403.00 ",0.38," 124,469,564 ",0.23,789,0.21," 80,863,725 ",0.15," 1,336.63 ",350.16,1.006825709," 2,200 ",59.5,101.06,33.51,166," 3,285,386.15 "," 4,206,616.43 "," 28,893,951.00 "," 31,018.00 ",22.19,37.53,310,1,10.93,22.473,97,1,389," 60,635,933 ",0.11,0.11,2472," 242,954,584 ",0.67,0.45,760," 95,145,088 ",0.21,0.17,2101," 208,445,429 ",0.57,0.38,822,0.22," 241,783,584 ",0.44,2861,0.78," 303,590,517 ",0.56,1541,0.54," 151,777,191 ",0.5,0.46," 151,813,326 ",0.5,9994.97,55990.46,4000,414904,0,56.14,46.9,181,0," 5,470,214.31 "," 5,799,146.43 "," 29,145,867.00 ",0,90,229.86,234.81,789,0," 26,473,920.52 "," 25,676,129.00 "," 87,007,134.00 ",0,116.79,149.12,685,0," 12,640,302.28 "," 14,925,987.72 "," 66,881,150.00 ",0,126.63,113.15,382,0," 13,107,248.28 "," 12,767,396.53 "," 53,082,643.00 ",0,7.56,27.34,212,0," 2,155,307.60 "," 8,427,018.28 "," 67,735,822.00 ",0,235,0.063806679,12060958,0.02
